[10сент.2026 00:48:29.307] [main/INFO] [cpw.mods.modlauncher.Launcher/MODLAUNCHER]: ModLauncher running: args [--launchTarget, forgeclientdev, --version, 21.1.250, --assetIndex, 17, --assetsDir, C:\\Users\\Артем\\.gradle\\caches\\neoformruntime\\assets, --gameDir, ., --fml.fmlVersion, 4.0.44, --fml.mcVersion, 1.21.1, --fml.neoForgeVersion, 21.1.250, --fml.neoFormVersion, 20240808.144430, --username, Dev2]
[10сент.2026 00:48:29.310] [main/INFO] [cpw.mods.modlauncher.Launcher/MODLAUNCHER]: JVM identified as Oracle Corporation Java HotSpot(TM) 64-Bit Server VM 21+35-LTS-2513
[10сент.2026 00:48:29.312] [main/INFO] [cpw.mods.modlauncher.Launcher/MODLAUNCHER]: ModLauncher 11.0.5+main.901c6ea8 starting: java version 21 by Oracle Corporation; OS Windows 10 arch amd64 version 10.0
[10сент.2026 00:48:29.350] [main/DEBUG] [cpw.mods.modlauncher.LaunchServiceHandler/MODLAUNCHER]: Found launch services [minecraft,forgeclient,forgedatauserdev,testharness,forgeserverdev,forgeserveruserdev,forgejunitdev,forgeclientdev,forgeclientuserdev,forgeserver,forgejunituserdev,forgedatadev]
[10сент.2026 00:48:29.388] [main/DEBUG] [cpw.mods.modlauncher.LaunchPluginHandler/MODLAUNCHER]: Found launch plugins: [mixin,slf4jfixer,runtime_enum_extender,accesstransformer,runtimedistcleaner]
[10сент.2026 00:48:29.401] [main/DEBUG] [cpw.mods.modlauncher.TransformationServicesHandler/MODLAUNCHER]: Discovering transformation services
[10сент.2026 00:48:29.407] [main/DEBUG] [net.neoforged.fml.loading.FMLPaths/CORE]: Path GAMEDIR is E:\college_minecraft_server\_CustomMods\RevivalAddon\run-alt
[10сент.2026 00:48:29.407] [main/DEBUG] [net.neoforged.fml.loading.FMLPaths/CORE]: Path MODSDIR is E:\college_minecraft_server\_CustomMods\RevivalAddon\run-alt\mods
[10сент.2026 00:48:29.407] [main/DEBUG] [net.neoforged.fml.loading.FMLPaths/CORE]: Path CONFIGDIR is E:\college_minecraft_server\_CustomMods\RevivalAddon\run-alt\config
[10сент.2026 00:48:29.408] [main/DEBUG] [net.neoforged.fml.loading.FMLPaths/CORE]: Path FMLCONFIG is E:\college_minecraft_server\_CustomMods\RevivalAddon\run-alt\config\fml.toml
[10сент.2026 00:48:29.458] [main/DEBUG] [net.neoforged.fml.loading.targets.CommonLaunchHandler/CORE]: Got mod coordinates albarevivaladdon%%E:\college_minecraft_server\_CustomMods\RevivalAddon\build\classes\java\main;albarevivaladdon%%E:\college_minecraft_server\_CustomMods\RevivalAddon\build\resources\main from env
[10сент.2026 00:48:29.460] [main/DEBUG] [net.neoforged.fml.loading.targets.CommonLaunchHandler/CORE]: Found supplied mod coordinates [{albarevivaladdon=[E:\college_minecraft_server\_CustomMods\RevivalAddon\build\classes\java\main, E:\college_minecraft_server\_CustomMods\RevivalAddon\build\resources\main]}]
[10сент.2026 00:48:29.462] [main/DEBUG] [cpw.mods.modlauncher.TransformationServicesHandler/MODLAUNCHER]: Found additional transformation services from discovery services: 
[10сент.2026 00:48:29.468] [main/INFO] [net.neoforged.fml.loading.ImmediateWindowHandler/]: Loading ImmediateWindowProvider fmlearlywindow
[10сент.2026 00:48:29.616] [main/INFO] [EARLYDISPLAY/]: Trying GL version 4.6
[10сент.2026 00:48:29.785] [main/INFO] [EARLYDISPLAY/]: Requested GL version 4.6 got version 4.6
[10сент.2026 00:48:29.843] [main/DEBUG] [cpw.mods.modlauncher.TransformationServicesHandler/MODLAUNCHER]: Found transformer services : [mixin,fml]
[10сент.2026 00:48:29.844] [main/DEBUG] [cpw.mods.modlauncher.TransformationServicesHandler/MODLAUNCHER]: Transformation services loading
[10сент.2026 00:48:29.845] [main/DEBUG] [cpw.mods.modlauncher.TransformationServiceDecorator/MODLAUNCHER]: Loading service mixin
[10сент.2026 00:48:29.845] [main/DEBUG] [cpw.mods.modlauncher.TransformationServiceDecorator/MODLAUNCHER]: Loaded service mixin
[10сент.2026 00:48:29.845] [main/DEBUG] [cpw.mods.modlauncher.TransformationServiceDecorator/MODLAUNCHER]: Loading service fml
[10сент.2026 00:48:29.846] [main/DEBUG] [net.neoforged.fml.loading.FMLLoader/CORE]: FML 4.0.44 loading
[10сент.2026 00:48:29.846] [main/DEBUG] [net.neoforged.fml.loading.FMLLoader/CORE]: FML found ModLauncher version : 11.0.5+main.901c6ea8
[10сент.2026 00:48:29.847] [main/DEBUG] [net.neoforged.fml.loading.FMLLoader/CORE]: FML found AccessTransformer version : 10.0.1+139da711
[10сент.2026 00:48:29.848] [main/DEBUG] [net.neoforged.fml.loading.FMLLoader/CORE]: FML found EventBus version : null
[10сент.2026 00:48:29.848] [main/DEBUG] [net.neoforged.fml.loading.FMLLoader/CORE]: Found Runtime Dist Cleaner
[10сент.2026 00:48:29.848] [main/DEBUG] [cpw.mods.modlauncher.TransformationServiceDecorator/MODLAUNCHER]: Loaded service fml
[10сент.2026 00:48:29.849] [main/DEBUG] [cpw.mods.modlauncher.TransformationServicesHandler/MODLAUNCHER]: Configuring option handling for services
[10сент.2026 00:48:29.867] [main/DEBUG] [net.neoforged.fml.loading.FMLServiceProvider/CORE]: Received command line version data  : VersionInfo[neoForgeVersion=21.1.250, fmlVersion=4.0.44, mcVersion=1.21.1, neoFormVersion=20240808.144430]
[10сент.2026 00:48:29.867] [main/DEBUG] [cpw.mods.modlauncher.TransformationServicesHandler/MODLAUNCHER]: Transformation services initializing
[10сент.2026 00:48:29.868] [main/DEBUG] [cpw.mods.modlauncher.TransformationServiceDecorator/MODLAUNCHER]: Initializing transformation service mixin
[10сент.2026 00:48:29.883] [main/DEBUG] [mixin/]: MixinService [ModLauncher] was successfully booted in cpw.mods.cl.ModuleClassLoader@2a70a3d8
[10сент.2026 00:48:29.897] [main/INFO] [mixin/]: SpongePowered MIXIN Subsystem Version=0.8.7 Source=union:/C:/Users/Артем/.gradle/caches/modules-2/files-2.1/net.fabricmc/sponge-mixin/0.15.2+mixin.0.8.7/2af2f021d8e02a0220dc27a7a72b4666d66d44ca/sponge-mixin-0.15.2+mixin.0.8.7.jar%23138!/ Service=ModLauncher Env=CLIENT
[10сент.2026 00:48:29.900] [main/DEBUG] [mixin/]: Initialising Mixin Platform Manager
[10сент.2026 00:48:29.901] [main/DEBUG] [mixin/]: Adding mixin platform agents for container ModLauncher Root Container(ModLauncher:4f56a0a2)
[10сент.2026 00:48:29.901] [main/DEBUG] [mixin/]: Instancing new MixinPlatformAgentMinecraftForge for ModLauncher Root Container(ModLauncher:4f56a0a2)
[10сент.2026 00:48:29.902] [main/DEBUG] [mixin/]: MixinPlatformAgentMinecraftForge rejected container ModLauncher Root Container(ModLauncher:4f56a0a2)
[10сент.2026 00:48:29.902] [main/DEBUG] [mixin/]: Instancing new MixinPlatformAgentDefault for ModLauncher Root Container(ModLauncher:4f56a0a2)
[10сент.2026 00:48:29.902] [main/DEBUG] [mixin/]: MixinPlatformAgentDefault accepted container ModLauncher Root Container(ModLauncher:4f56a0a2)
[10сент.2026 00:48:29.904] [main/DEBUG] [cpw.mods.modlauncher.TransformationServiceDecorator/MODLAUNCHER]: Initialized transformation service mixin
[10сент.2026 00:48:29.904] [main/DEBUG] [cpw.mods.modlauncher.TransformationServiceDecorator/MODLAUNCHER]: Initializing transformation service fml
[10сент.2026 00:48:29.904] [main/DEBUG] [net.neoforged.fml.loading.FMLServiceProvider/CORE]: Setting up basic FML game directories
[10сент.2026 00:48:29.905] [main/DEBUG] [net.neoforged.fml.loading.FMLPaths/CORE]: Path GAMEDIR is E:\college_minecraft_server\_CustomMods\RevivalAddon\run-alt
[10сент.2026 00:48:29.905] [main/DEBUG] [net.neoforged.fml.loading.FMLPaths/CORE]: Path MODSDIR is E:\college_minecraft_server\_CustomMods\RevivalAddon\run-alt\mods
[10сент.2026 00:48:29.906] [main/DEBUG] [net.neoforged.fml.loading.FMLPaths/CORE]: Path CONFIGDIR is E:\college_minecraft_server\_CustomMods\RevivalAddon\run-alt\config
[10сент.2026 00:48:29.906] [main/DEBUG] [net.neoforged.fml.loading.FMLPaths/CORE]: Path FMLCONFIG is E:\college_minecraft_server\_CustomMods\RevivalAddon\run-alt\config\fml.toml
[10сент.2026 00:48:29.906] [main/DEBUG] [net.neoforged.fml.loading.FMLServiceProvider/CORE]: Loading configuration
[10сент.2026 00:48:29.911] [main/DEBUG] [net.neoforged.fml.loading.FMLServiceProvider/CORE]: Preparing launch handler
[10сент.2026 00:48:29.911] [main/DEBUG] [net.neoforged.fml.loading.FMLLoader/CORE]: Using forgeclientdev as launch service
[10сент.2026 00:48:29.914] [main/DEBUG] [cpw.mods.modlauncher.TransformationServiceDecorator/MODLAUNCHER]: Initialized transformation service fml
[10сент.2026 00:48:29.915] [main/DEBUG] [cpw.mods.modlauncher.TransformationServicesHandler/MODLAUNCHER]: Transformation services begin scanning
[10сент.2026 00:48:29.915] [main/DEBUG] [cpw.mods.modlauncher.TransformationServiceDecorator/MODLAUNCHER]: Beginning scan trigger - transformation service mixin
[10сент.2026 00:48:29.916] [main/DEBUG] [cpw.mods.modlauncher.TransformationServiceDecorator/MODLAUNCHER]: End scan trigger - transformation service mixin
[10сент.2026 00:48:29.916] [main/DEBUG] [cpw.mods.modlauncher.TransformationServiceDecorator/MODLAUNCHER]: Beginning scan trigger - transformation service fml
[10сент.2026 00:48:29.916] [main/DEBUG] [net.neoforged.fml.loading.FMLServiceProvider/CORE]: Initiating mod scan
[10сент.2026 00:48:29.917] [main/DEBUG] [net.neoforged.fml.loading.targets.CommonLaunchHandler/CORE]: Got mod coordinates albarevivaladdon%%E:\college_minecraft_server\_CustomMods\RevivalAddon\build\classes\java\main;albarevivaladdon%%E:\college_minecraft_server\_CustomMods\RevivalAddon\build\resources\main from env
[10сент.2026 00:48:29.917] [main/DEBUG] [net.neoforged.fml.loading.targets.CommonLaunchHandler/CORE]: Found supplied mod coordinates [{albarevivaladdon=[E:\college_minecraft_server\_CustomMods\RevivalAddon\build\classes\java\main, E:\college_minecraft_server\_CustomMods\RevivalAddon\build\resources\main]}]
[10сент.2026 00:48:29.919] [main/DEBUG] [net.neoforged.fml.loading.targets.CommonDevLaunchHandler/]: Launching with NeoForge from E:\college_minecraft_server\_CustomMods\RevivalAddon\build\moddev\artifacts\neoforge-21.1.250.jar
[10сент.2026 00:48:29.933] [main/DEBUG] [net.neoforged.fml.util.ServiceLoaderUtil/CORE]: Found 4 implementations of IModFileCandidateLocator:
[10сент.2026 00:48:29.934] [main/DEBUG] [net.neoforged.fml.util.ServiceLoaderUtil/CORE]: 	       0 - [built-in] net.neoforged.fml.loading.moddiscovery.locators.NeoForgeDevProvider from loader-4.0.44.jar
[10сент.2026 00:48:29.935] [main/DEBUG] [net.neoforged.fml.util.ServiceLoaderUtil/CORE]: 	       0 - net.neoforged.fml.loading.moddiscovery.locators.ModsFolderLocator from loader-4.0.44.jar
[10сент.2026 00:48:29.935] [main/DEBUG] [net.neoforged.fml.util.ServiceLoaderUtil/CORE]: 	       0 - net.neoforged.fml.loading.moddiscovery.locators.MavenDirectoryLocator from loader-4.0.44.jar
[10сент.2026 00:48:29.935] [main/DEBUG] [net.neoforged.fml.util.ServiceLoaderUtil/CORE]: 	   -1000 - [built-in] net.neoforged.fml.loading.moddiscovery.locators.UserdevLocator from loader-4.0.44.jar
[10сент.2026 00:48:29.937] [main/DEBUG] [net.neoforged.fml.util.ServiceLoaderUtil/CORE]: Found 2 implementations of IModFileReader:
[10сент.2026 00:48:29.938] [main/DEBUG] [net.neoforged.fml.util.ServiceLoaderUtil/CORE]: 	       0 - net.neoforged.fml.loading.moddiscovery.readers.JarModsDotTomlModFileReader from loader-4.0.44.jar
[10сент.2026 00:48:29.938] [main/DEBUG] [net.neoforged.fml.util.ServiceLoaderUtil/CORE]: 	   -1000 - net.neoforged.fml.loading.moddiscovery.readers.NestedLibraryModReader from loader-4.0.44.jar
[10сент.2026 00:48:29.940] [main/DEBUG] [net.neoforged.fml.util.ServiceLoaderUtil/CORE]: Found 1 implementations of IDependencyLocator:
[10сент.2026 00:48:29.940] [main/DEBUG] [net.neoforged.fml.util.ServiceLoaderUtil/CORE]: 	       0 - net.neoforged.fml.loading.moddiscovery.locators.JarInJarDependencyLocator from loader-4.0.44.jar
[10сент.2026 00:48:30.084] [main/DEBUG] [net.neoforged.fml.loading.moddiscovery.ModFileInfo/LOADING]: Found valid mod file neoforge-21.1.250.jar with {minecraft} mods - versions {1.21.1}
[10сент.2026 00:48:30.096] [main/DEBUG] [net.neoforged.fml.loading.moddiscovery.ModFileParser/LOADING]: Considering mod file candidate E:\college_minecraft_server\_CustomMods\RevivalAddon\build\moddev\artifacts\neoforge-21.1.250.jar
[10сент.2026 00:48:30.114] [main/DEBUG] [net.neoforged.fml.loading.moddiscovery.ModFileInfo/LOADING]: Found valid mod file neoforge-21.1.250.jar with {neoforge} mods - versions {21.1.250}
[10сент.2026 00:48:30.118] [main/DEBUG] [net.neoforged.fml.loading.moddiscovery.ModListHandler/CORE]: Found mod coordinates from lists: []
[10сент.2026 00:48:30.120] [main/DEBUG] [net.neoforged.fml.loading.moddiscovery.ModFileParser/LOADING]: Considering mod file candidate E:\college_minecraft_server\_CustomMods\RevivalAddon\build\classes\java\main
[10сент.2026 00:48:30.130] [main/DEBUG] [net.neoforged.fml.loading.moddiscovery.ModFileInfo/LOADING]: Found valid mod file main with {albarevivaladdon} mods - versions {1.0.0}
[10сент.2026 00:48:30.143] [main/DEBUG] [net.neoforged.fml.loading.moddiscovery.ModFileParser/LOADING]: Considering mod file candidate E:\college_minecraft_server\_CustomMods\RevivalAddon\build\moddev\artifacts\neoforge-21.1.250.jar
[10сент.2026 00:48:30.145] [main/DEBUG] [net.neoforged.fml.loading.moddiscovery.ModFileInfo/LOADING]: Found valid mod file neoforge-21.1.250.jar with {neoforge} mods - versions {21.1.250}
[10сент.2026 00:48:30.150] [main/DEBUG] [net.neoforged.fml.loading.moddiscovery.ModFileParser/LOADING]: Considering mod file candidate C:\Users\Артем\.gradle\caches\modules-2\files-2.1\curse.maven\balm-531761\8645517\69e0b3b69dd23c132e85b7e82310f45ae96b263d\balm-531761-8645517.jar
[10сент.2026 00:48:30.153] [main/DEBUG] [net.neoforged.fml.loading.moddiscovery.ModFileInfo/LOADING]: Found valid mod file balm-531761-8645517.jar with {balm} mods - versions {21.0.65}
[10сент.2026 00:48:30.156] [main/DEBUG] [net.neoforged.fml.loading.moddiscovery.ModFileParser/LOADING]: Considering mod file candidate C:\Users\Артем\.gradle\caches\modules-2\files-2.1\curse.maven\hardcore-revival-274036\8837401\bd5078ded1d24c2ca5a8f5cf82faa739743aec7e\hardcore-revival-274036-8837401.jar
[10сент.2026 00:48:30.158] [main/DEBUG] [net.neoforged.fml.loading.moddiscovery.ModFileInfo/LOADING]: Found valid mod file hardcore-revival-274036-8837401.jar with {hardcorerevival} mods - versions {21.1.22}
[10сент.2026 00:48:30.184] [main/DEBUG] [net.neoforged.fml.loading.moddiscovery.ModDiscoverer/]: Skipping C:\Users\Артем\.gradle\caches\modules-2\files-2.1\net.neoforged.fancymodloader\earlydisplay\4.0.44\cb2afcf15672180eca1c49b1c9b1208951ef322e\earlydisplay-4.0.44.jar because it was already located earlier
[10сент.2026 00:48:30.184] [main/DEBUG] [net.neoforged.fml.loading.moddiscovery.ModDiscoverer/]: Skipping C:\Users\Артем\.gradle\caches\modules-2\files-2.1\net.neoforged.fancymodloader\loader\4.0.44\63433608b68302a442e3dba87880e54f42ea0583\loader-4.0.44.jar because it was already located earlier
[10сент.2026 00:48:30.185] [main/DEBUG] [net.neoforged.fml.loading.moddiscovery.ModDiscoverer/]: Skipping C:\Users\Артем\.gradle\caches\modules-2\files-2.1\net.neoforged.accesstransformers\at-modlauncher\10.0.1\5aba50202aceead086bc09fbc2751c9f05cb4890\at-modlauncher-10.0.1.jar because it was already located earlier
[10сент.2026 00:48:30.185] [main/DEBUG] [net.neoforged.fml.loading.moddiscovery.ModDiscoverer/]: Skipping C:\Users\Артем\.gradle\caches\modules-2\files-2.1\net.neoforged\accesstransformers\10.0.1\fd83b5725f76eae9115e9355fa1c456a6a441400\accesstransformers-10.0.1.jar because it was already located earlier
[10сент.2026 00:48:30.185] [main/DEBUG] [net.neoforged.fml.loading.moddiscovery.ModDiscoverer/]: Skipping C:\Users\Артем\.gradle\caches\modules-2\files-2.1\net.neoforged\bus\8.0.5\5b2d33285ab5d1554e9798ad98c40d6ea3868bd5\bus-8.0.5.jar because it was already located earlier
[10сент.2026 00:48:30.185] [main/DEBUG] [net.neoforged.fml.loading.moddiscovery.ModDiscoverer/]: Skipping C:\Users\Артем\.gradle\caches\modules-2\files-2.1\net.neoforged\coremods\7.0.3\9147e6f638b4272b3bd5fc8f92ad37802512c6c\coremods-7.0.3.jar because it was already located earlier
[10сент.2026 00:48:30.186] [main/DEBUG] [net.neoforged.fml.loading.moddiscovery.ModDiscoverer/]: Skipping C:\Users\Артем\.gradle\caches\modules-2\files-2.1\cpw.mods\modlauncher\11.0.5\b8f0d49294f733fdb6173931b263553e943dc950\modlauncher-11.0.5.jar because it was already located earlier
[10сент.2026 00:48:30.186] [main/DEBUG] [net.neoforged.fml.loading.moddiscovery.ModDiscoverer/]: Skipping C:\Users\Артем\.gradle\caches\modules-2\files-2.1\net.neoforged\mergetool\2.0.0\52fe1949be64e3303aabaaa21e315f551db9c9f4\mergetool-2.0.0-api.jar because it was already located earlier
[10сент.2026 00:48:30.186] [main/DEBUG] [net.neoforged.fml.loading.moddiscovery.ModDiscoverer/]: Skipping C:\Users\Артем\.gradle\caches\modules-2\files-2.1\com.electronwill.night-config\toml\3.8.3\90b2fd6efcb4a7d5b9810cf78f9d824994d717f2\toml-3.8.3.jar because it was already located earlier
[10сент.2026 00:48:30.186] [main/DEBUG] [net.neoforged.fml.loading.moddiscovery.ModDiscoverer/]: Skipping C:\Users\Артем\.gradle\caches\modules-2\files-2.1\com.electronwill.night-config\core\3.8.3\b442a95f09e349927f5a945ecb594455870fcf4f\core-3.8.3.jar because it was already located earlier
[10сент.2026 00:48:30.186] [main/DEBUG] [net.neoforged.fml.loading.moddiscovery.ModDiscoverer/]: Skipping C:\Users\Артем\.gradle\caches\modules-2\files-2.1\net.neoforged\JarJarSelector\0.4.1\fb3cc7a58af22ad2880adb98af6d518128c47dae\JarJarSelector-0.4.1.jar because it was already located earlier
[10сент.2026 00:48:30.186] [main/DEBUG] [net.neoforged.fml.loading.moddiscovery.ModDiscoverer/]: Skipping C:\Users\Артем\.gradle\caches\modules-2\files-2.1\net.neoforged\JarJarMetadata\0.4.1\f8da03683dc81694556dc3e177c5e3bb77ae6fcb\JarJarMetadata-0.4.1.jar because it was already located earlier
[10сент.2026 00:48:30.187] [main/DEBUG] [net.neoforged.fml.loading.moddiscovery.ModDiscoverer/]: Skipping C:\Users\Артем\.gradle\caches\modules-2\files-2.1\org.apache.maven\maven-artifact\3.8.5\4433f50c07debefaed0553bd0068f4f48d449313\maven-artifact-3.8.5.jar because it was already located earlier
[10сент.2026 00:48:30.187] [main/DEBUG] [net.neoforged.fml.loading.moddiscovery.ModDiscoverer/]: Skipping C:\Users\Артем\.gradle\caches\modules-2\files-2.1\net.jodah\typetools\0.6.3\a01aaa6ddaea9ec07ec4f209487b7a46a526283a\typetools-0.6.3.jar because it was already located earlier
[10сент.2026 00:48:30.187] [main/DEBUG] [net.neoforged.fml.loading.moddiscovery.ModDiscoverer/]: Skipping C:\Users\Артем\.gradle\caches\modules-2\files-2.1\net.minecrell\terminalconsoleappender\1.3.0\b562e9bb61235c9520e26282cdee71f8f802d1fc\terminalconsoleappender-1.3.0.jar because it was already located earlier
[10сент.2026 00:48:30.187] [main/DEBUG] [net.neoforged.fml.loading.moddiscovery.ModDiscoverer/]: Skipping C:\Users\Артем\.gradle\caches\modules-2\files-2.1\net.fabricmc\sponge-mixin\0.15.2+mixin.0.8.7\2af2f021d8e02a0220dc27a7a72b4666d66d44ca\sponge-mixin-0.15.2+mixin.0.8.7.jar because it was already located earlier
[10сент.2026 00:48:30.187] [main/DEBUG] [net.neoforged.fml.loading.moddiscovery.ModDiscoverer/]: Skipping C:\Users\Артем\.gradle\caches\modules-2\files-2.1\org.openjdk.nashorn\nashorn-core\15.4\f67f5ffaa5f5130cf6fb9b133da00c7df3b532a5\nashorn-core-15.4.jar because it was already located earlier
[10сент.2026 00:48:30.187] [main/DEBUG] [net.neoforged.fml.loading.moddiscovery.ModDiscoverer/]: Skipping C:\Users\Артем\.gradle\caches\modules-2\files-2.1\org.apache.commons\commons-lang3\3.14.0\1ed471194b02f2c6cb734a0cd6f6f107c673afae\commons-lang3-3.14.0.jar because it was already located earlier
[10сент.2026 00:48:30.188] [main/DEBUG] [net.neoforged.fml.loading.moddiscovery.ModDiscoverer/]: Skipping C:\Users\Артем\.gradle\caches\modules-2\files-2.1\net.sf.jopt-simple\jopt-simple\5.0.4\4fdac2fbe92dfad86aa6e9301736f6b4342a3f5c\jopt-simple-5.0.4.jar because it was already located earlier
[10сент.2026 00:48:30.188] [main/DEBUG] [net.neoforged.fml.loading.moddiscovery.ModDiscoverer/]: Skipping C:\Users\Артем\.gradle\caches\modules-2\files-2.1\commons-io\commons-io\2.15.1\f11560da189ab563a5c8e351941415430e9304ea\commons-io-2.15.1.jar because it was already located earlier
[10сент.2026 00:48:30.188] [main/DEBUG] [net.neoforged.fml.loading.moddiscovery.ModDiscoverer/]: Skipping C:\Users\Артем\.gradle\caches\modules-2\files-2.1\com.mojang\logging\1.2.7\24cb95ffb0e3433fd6e844c04e68009e504ca1c0\logging-1.2.7.jar because it was already located earlier
[10сент.2026 00:48:30.188] [main/DEBUG] [net.neoforged.fml.loading.moddiscovery.ModDiscoverer/]: Skipping C:\Users\Артем\.gradle\caches\modules-2\files-2.1\org.apache.logging.log4j\log4j-slf4j2-impl\2.22.1\d7e6693c2606cb7e7335047d7bb96dec52db5665\log4j-slf4j2-impl-2.22.1.jar because it was already located earlier
[10сент.2026 00:48:30.188] [main/DEBUG] [net.neoforged.fml.loading.moddiscovery.ModDiscoverer/]: Skipping C:\Users\Артем\.gradle\caches\modules-2\files-2.1\org.apache.logging.log4j\log4j-core\2.22.1\7183a25510a02ad00cc6a95d3b3d2a7d3c5a8dc4\log4j-core-2.22.1.jar because it was already located earlier
[10сент.2026 00:48:30.188] [main/DEBUG] [net.neoforged.fml.loading.moddiscovery.ModDiscoverer/]: Skipping C:\Users\Артем\.gradle\caches\modules-2\files-2.1\org.apache.logging.log4j\log4j-api\2.22.1\bea6fede6328fabafd7e68363161a7ea6605abd1\log4j-api-2.22.1.jar because it was already located earlier
[10сент.2026 00:48:30.188] [main/DEBUG] [net.neoforged.fml.loading.moddiscovery.ModDiscoverer/]: Skipping C:\Users\Артем\.gradle\caches\modules-2\files-2.1\com.google.guava\guava\32.1.2-jre\5e64ec7e056456bef3a4bc4c6fdaef71e8ab6318\guava-32.1.2-jre.jar because it was already located earlier
[10сент.2026 00:48:30.189] [main/DEBUG] [net.neoforged.fml.loading.moddiscovery.ModDiscoverer/]: Skipping C:\Users\Артем\.gradle\caches\modules-2\files-2.1\com.google.code.gson\gson\2.10.1\b3add478d4382b78ea20b1671390a858002feb6c\gson-2.10.1.jar because it was already located earlier
[10сент.2026 00:48:30.190] [main/DEBUG] [net.neoforged.fml.loading.moddiscovery.ModDiscoverer/]: Skipping C:\Users\Артем\.gradle\caches\modules-2\files-2.1\org.slf4j\slf4j-api\2.0.9\7cf2726fdcfbc8610f9a71fb3ed639871f315340\slf4j-api-2.0.9.jar because it was already located earlier
[10сент.2026 00:48:30.190] [main/DEBUG] [net.neoforged.fml.loading.moddiscovery.ModDiscoverer/]: Skipping C:\Users\Артем\.gradle\caches\modules-2\files-2.1\org.antlr\antlr4-runtime\4.13.1\17125bae1d965624e265ef49552f6465a2bfa307\antlr4-runtime-4.13.1.jar because it was already located earlier
[10сент.2026 00:48:30.190] [main/DEBUG] [net.neoforged.fml.loading.moddiscovery.ModDiscoverer/]: Skipping C:\Users\Артем\.gradle\caches\modules-2\files-2.1\net.minecraftforge\srgutils\0.4.15\ca408b131759478f164e010fae0d73997e125fb5\srgutils-0.4.15.jar because it was already located earlier
[10сент.2026 00:48:30.191] [main/DEBUG] [net.neoforged.fml.loading.moddiscovery.ModDiscoverer/]: Skipping C:\Users\Артем\.gradle\caches\modules-2\files-2.1\org.codehaus.plexus\plexus-utils\3.3.0\cf43b5391de623b36fe066a21127baef82c64022\plexus-utils-3.3.0.jar because it was already located earlier
[10сент.2026 00:48:30.191] [main/DEBUG] [net.neoforged.fml.loading.moddiscovery.ModDiscoverer/]: Skipping C:\Users\Артем\.gradle\caches\modules-2\files-2.1\org.jline\jline-reader\3.20.0\8f15415b022a25b473e8e16c28ae913186ffb9c4\jline-reader-3.20.0.jar because it was already located earlier
[10сент.2026 00:48:30.191] [main/DEBUG] [net.neoforged.fml.loading.moddiscovery.ModDiscoverer/]: Skipping C:\Users\Артем\.gradle\caches\modules-2\files-2.1\com.machinezoo.noexception\noexception\1.7.1\b65330c98e38a1f915fa54a6e5eca496505e3f0a\noexception-1.7.1.jar because it was already located earlier
[10сент.2026 00:48:30.191] [main/DEBUG] [net.neoforged.fml.loading.moddiscovery.ModDiscoverer/]: Skipping C:\Users\Артем\.gradle\caches\modules-2\files-2.1\com.github.oshi\oshi-core\6.4.10\b1d8ab82d11d92fd639b56d639f8f46f739dd5fa\oshi-core-6.4.10.jar because it was already located earlier
[10сент.2026 00:48:30.191] [main/DEBUG] [net.neoforged.fml.loading.moddiscovery.ModDiscoverer/]: Skipping C:\Users\Артем\.gradle\caches\modules-2\files-2.1\com.google.guava\failureaccess\1.0.1\1dcf1de382a0bf95a3d8b0849546c88bac1292c9\failureaccess-1.0.1.jar because it was already located earlier
[10сент.2026 00:48:30.191] [main/DEBUG] [net.neoforged.fml.loading.moddiscovery.ModDiscoverer/]: Skipping C:\Users\Артем\.gradle\caches\modules-2\files-2.1\com.ibm.icu\icu4j\73.2\61ad4ef7f9131fcf6d25c34b817f90d6da06c9e9\icu4j-73.2.jar because it was already located earlier
[10сент.2026 00:48:30.191] [main/DEBUG] [net.neoforged.fml.loading.moddiscovery.ModDiscoverer/]: Skipping C:\Users\Артем\.gradle\caches\modules-2\files-2.1\com.mojang\authlib\6.0.54\de8bc95660e1b2fe8793fd427a7a10dcec5b3ea7\authlib-6.0.54.jar because it was already located earlier
[10сент.2026 00:48:30.192] [main/DEBUG] [net.neoforged.fml.loading.moddiscovery.ModDiscoverer/]: Skipping C:\Users\Артем\.gradle\caches\modules-2\files-2.1\com.mojang\blocklist\1.0.10\5c685c5ffa94c4cd39496c7184c1d122e515ecef\blocklist-1.0.10.jar because it was already located earlier
[10сент.2026 00:48:30.192] [main/DEBUG] [net.neoforged.fml.loading.moddiscovery.ModDiscoverer/]: Skipping C:\Users\Артем\.gradle\caches\modules-2\files-2.1\com.mojang\brigadier\1.3.10\d15b53a14cf20fdcaa98f731af5dda654452c010\brigadier-1.3.10.jar because it was already located earlier
[10сент.2026 00:48:30.192] [main/DEBUG] [net.neoforged.fml.loading.moddiscovery.ModDiscoverer/]: Skipping C:\Users\Артем\.gradle\caches\modules-2\files-2.1\com.mojang\datafixerupper\8.0.16\67d4de6d7f95d89bcf5862995fb854ebaec02a34\datafixerupper-8.0.16.jar because it was already located earlier
[10сент.2026 00:48:30.192] [main/DEBUG] [net.neoforged.fml.loading.moddiscovery.ModDiscoverer/]: Skipping C:\Users\Артем\.gradle\caches\modules-2\files-2.1\com.mojang\patchy\2.2.10\da05971b07cbb379d002cf7eaec6a2048211fefc\patchy-2.2.10.jar because it was already located earlier
[10сент.2026 00:48:30.192] [main/DEBUG] [net.neoforged.fml.loading.moddiscovery.ModDiscoverer/]: Skipping C:\Users\Артем\.gradle\caches\modules-2\files-2.1\com.mojang\text2speech\1.17.9\3cad216e3a7f0c19b4b394388bc9ffc446f13b14\text2speech-1.17.9.jar because it was already located earlier
[10сент.2026 00:48:30.192] [main/DEBUG] [net.neoforged.fml.loading.moddiscovery.ModDiscoverer/]: Skipping C:\Users\Артем\.gradle\caches\modules-2\files-2.1\commons-codec\commons-codec\1.16.0\4e3eb3d79888d76b54e28b350915b5dc3919c9de\commons-codec-1.16.0.jar because it was already located earlier
[10сент.2026 00:48:30.193] [main/DEBUG] [net.neoforged.fml.loading.moddiscovery.ModDiscoverer/]: Skipping C:\Users\Артем\.gradle\caches\modules-2\files-2.1\commons-logging\commons-logging\1.2\4bfc12adfe4842bf07b657f0369c4cb522955686\commons-logging-1.2.jar because it was already located earlier
[10сент.2026 00:48:30.193] [main/DEBUG] [net.neoforged.fml.loading.moddiscovery.ModDiscoverer/]: Skipping C:\Users\Артем\.gradle\caches\modules-2\files-2.1\io.netty\netty-buffer\4.1.97.Final\f8f3d8644afa5e6e1a40a3a6aeb9d9aa970ecb4f\netty-buffer-4.1.97.Final.jar because it was already located earlier
[10сент.2026 00:48:30.193] [main/DEBUG] [net.neoforged.fml.loading.moddiscovery.ModDiscoverer/]: Skipping C:\Users\Артем\.gradle\caches\modules-2\files-2.1\io.netty\netty-codec\4.1.97.Final\384ba4d75670befbedb45c4d3b497a93639c206d\netty-codec-4.1.97.Final.jar because it was already located earlier
[10сент.2026 00:48:30.193] [main/DEBUG] [net.neoforged.fml.loading.moddiscovery.ModDiscoverer/]: Skipping C:\Users\Артем\.gradle\caches\modules-2\files-2.1\io.netty\netty-common\4.1.97.Final\7cceacaf11df8dc63f23d0fb58e9d4640fc88404\netty-common-4.1.97.Final.jar because it was already located earlier
[10сент.2026 00:48:30.193] [main/DEBUG] [net.neoforged.fml.loading.moddiscovery.ModDiscoverer/]: Skipping C:\Users\Артем\.gradle\caches\modules-2\files-2.1\io.netty\netty-handler\4.1.97.Final\abb86c6906bf512bf2b797a41cd7d2e8d3cd7c36\netty-handler-4.1.97.Final.jar because it was already located earlier
[10сент.2026 00:48:30.193] [main/DEBUG] [net.neoforged.fml.loading.moddiscovery.ModDiscoverer/]: Skipping C:\Users\Артем\.gradle\caches\modules-2\files-2.1\io.netty\netty-resolver\4.1.97.Final\cec8348108dc76c47cf87c669d514be52c922144\netty-resolver-4.1.97.Final.jar because it was already located earlier
[10сент.2026 00:48:30.193] [main/DEBUG] [net.neoforged.fml.loading.moddiscovery.ModDiscoverer/]: Skipping C:\Users\Артем\.gradle\caches\modules-2\files-2.1\io.netty\netty-transport-classes-epoll\4.1.97.Final\795da37ded759e862457a82d9d92c4d39ce8ecee\netty-transport-classes-epoll-4.1.97.Final.jar because it was already located earlier
[10сент.2026 00:48:30.194] [main/DEBUG] [net.neoforged.fml.loading.moddiscovery.ModDiscoverer/]: Skipping C:\Users\Артем\.gradle\caches\modules-2\files-2.1\io.netty\netty-transport-native-unix-common\4.1.97.Final\d469d84265ab70095b01b40886cabdd433b6e664\netty-transport-native-unix-common-4.1.97.Final.jar because it was already located earlier
[10сент.2026 00:48:30.194] [main/DEBUG] [net.neoforged.fml.loading.moddiscovery.ModDiscoverer/]: Skipping C:\Users\Артем\.gradle\caches\modules-2\files-2.1\io.netty\netty-transport\4.1.97.Final\f37380d23c9bb079bc702910833b2fd532c9abd0\netty-transport-4.1.97.Final.jar because it was already located earlier
[10сент.2026 00:48:30.194] [main/DEBUG] [net.neoforged.fml.loading.moddiscovery.ModDiscoverer/]: Skipping C:\Users\Артем\.gradle\caches\modules-2\files-2.1\it.unimi.dsi\fastutil\8.5.12\c24946d46824bd528054bface3231d2ecb7e95e8\fastutil-8.5.12.jar because it was already located earlier
[10сент.2026 00:48:30.194] [main/DEBUG] [net.neoforged.fml.loading.moddiscovery.ModDiscoverer/]: Skipping C:\Users\Артем\.gradle\caches\modules-2\files-2.1\net.java.dev.jna\jna-platform\5.14.0\28934d48aed814f11e4c584da55c49fa7032b31b\jna-platform-5.14.0.jar because it was already located earlier
[10сент.2026 00:48:30.195] [main/DEBUG] [net.neoforged.fml.loading.moddiscovery.ModDiscoverer/]: Skipping C:\Users\Артем\.gradle\caches\modules-2\files-2.1\net.java.dev.jna\jna\5.14.0\67bf3eaea4f0718cb376a181a629e5f88fa1c9dd\jna-5.14.0.jar because it was already located earlier
[10сент.2026 00:48:30.195] [main/DEBUG] [net.neoforged.fml.loading.moddiscovery.ModDiscoverer/]: Skipping C:\Users\Артем\.gradle\caches\modules-2\files-2.1\org.apache.commons\commons-compress\1.26.0\659feffdd12280201c8aacb8f7be94f9a883c824\commons-compress-1.26.0.jar because it was already located earlier
[10сент.2026 00:48:30.195] [main/DEBUG] [net.neoforged.fml.loading.moddiscovery.ModDiscoverer/]: Skipping C:\Users\Артем\.gradle\caches\modules-2\files-2.1\org.apache.httpcomponents\httpclient\4.5.13\e5f6cae5ca7ecaac1ec2827a9e2d65ae2869cada\httpclient-4.5.13.jar because it was already located earlier
[10сент.2026 00:48:30.195] [main/DEBUG] [net.neoforged.fml.loading.moddiscovery.ModDiscoverer/]: Skipping C:\Users\Артем\.gradle\caches\modules-2\files-2.1\org.apache.httpcomponents\httpcore\4.4.16\51cf043c87253c9f58b539c9f7e44c8894223850\httpcore-4.4.16.jar because it was already located earlier
[10сент.2026 00:48:30.195] [main/DEBUG] [net.neoforged.fml.loading.moddiscovery.ModDiscoverer/]: Skipping C:\Users\Артем\.gradle\caches\modules-2\files-2.1\org.jcraft\jorbis\0.0.17\8872d22b293e8f5d7d56ff92be966e6dc28ebdc6\jorbis-0.0.17.jar because it was already located earlier
[10сент.2026 00:48:30.195] [main/DEBUG] [net.neoforged.fml.loading.moddiscovery.ModDiscoverer/]: Skipping C:\Users\Артем\.gradle\caches\modules-2\files-2.1\org.joml\joml\1.10.5\22566d58af70ad3d72308bab63b8339906deb649\joml-1.10.5.jar because it was already located earlier
[10сент.2026 00:48:30.195] [main/DEBUG] [net.neoforged.fml.loading.moddiscovery.ModDiscoverer/]: Skipping C:\Users\Артем\.gradle\caches\modules-2\files-2.1\org.lwjgl\lwjgl-freetype\3.3.3\a0db6c84a8becc8ca05f9dbfa985edc348a824c7\lwjgl-freetype-3.3.3.jar because it was already located earlier
[10сент.2026 00:48:30.202] [main/DEBUG] [net.neoforged.fml.loading.moddiscovery.ModDiscoverer/]: Skipping C:\Users\Артем\.gradle\caches\modules-2\files-2.1\org.lwjgl\lwjgl-freetype\3.3.3\15a8c1de7f51d07a92eae7ce1222557073a0c0c3\lwjgl-freetype-3.3.3-natives-windows-x86.jar because it was already located earlier
[10сент.2026 00:48:30.202] [main/DEBUG] [net.neoforged.fml.loading.moddiscovery.ModDiscoverer/]: Skipping C:\Users\Артем\.gradle\caches\modules-2\files-2.1\org.lwjgl\lwjgl-glfw\3.3.3\efa1eb78c5ccd840e9f329717109b5e892d72f8e\lwjgl-glfw-3.3.3.jar because it was already located earlier
[10сент.2026 00:48:30.204] [pool-2-thread-1/INFO] [EARLYDISPLAY/]: GL info: NVIDIA GeForce RTX 3080 Ti/PCIe/SSE2 GL version 4.6.0 NVIDIA 616.56, NVIDIA Corporation
[10сент.2026 00:48:30.207] [main/DEBUG] [net.neoforged.fml.loading.moddiscovery.ModDiscoverer/]: Skipping C:\Users\Артем\.gradle\caches\modules-2\files-2.1\org.lwjgl\lwjgl-glfw\3.3.3\32334f3fd5270a59bad9939a93115acb6de36dcf\lwjgl-glfw-3.3.3-natives-windows-x86.jar because it was already located earlier
[10сент.2026 00:48:30.208] [main/DEBUG] [net.neoforged.fml.loading.moddiscovery.ModDiscoverer/]: Skipping C:\Users\Артем\.gradle\caches\modules-2\files-2.1\org.lwjgl\lwjgl-jemalloc\3.3.3\b543467b7ff3c6920539a88ee602d34098628be5\lwjgl-jemalloc-3.3.3.jar because it was already located earlier
[10сент.2026 00:48:30.208] [main/DEBUG] [net.neoforged.fml.loading.moddiscovery.ModDiscoverer/]: Skipping C:\Users\Артем\.gradle\caches\modules-2\files-2.1\org.lwjgl\lwjgl-jemalloc\3.3.3\426222fc027602a5f21b9c0fe79cde6a4c7a011f\lwjgl-jemalloc-3.3.3-natives-windows.jar because it was already located earlier
[10сент.2026 00:48:30.214] [main/DEBUG] [net.neoforged.fml.loading.moddiscovery.ModDiscoverer/]: Skipping C:\Users\Артем\.gradle\caches\modules-2\files-2.1\org.lwjgl\lwjgl-openal\3.3.3\daada81ceb5fc0c291fbfdd4433cb8d9423577f2\lwjgl-openal-3.3.3.jar because it was already located earlier
[10сент.2026 00:48:30.220] [main/DEBUG] [net.neoforged.fml.loading.moddiscovery.ModDiscoverer/]: Skipping C:\Users\Артем\.gradle\caches\modules-2\files-2.1\org.lwjgl\lwjgl-openal\3.3.3\87b8d5050e3adb46bb58fe1cb2669a4a48fce10d\lwjgl-openal-3.3.3-natives-windows-x86.jar because it was already located earlier
[10сент.2026 00:48:30.221] [main/DEBUG] [net.neoforged.fml.loading.moddiscovery.ModDiscoverer/]: Skipping C:\Users\Артем\.gradle\caches\modules-2\files-2.1\org.lwjgl\lwjgl-opengl\3.3.3\2f6b0147078396a58979125a4c947664e98293a\lwjgl-opengl-3.3.3.jar because it was already located earlier
[10сент.2026 00:48:30.224] [main/DEBUG] [net.neoforged.fml.loading.moddiscovery.ModDiscoverer/]: Skipping C:\Users\Артем\.gradle\caches\modules-2\files-2.1\org.lwjgl\lwjgl-opengl\3.3.3\65e956d3735a1abdc82eff4baec1b61174697d4b\lwjgl-opengl-3.3.3-natives-windows-arm64.jar because it was already located earlier
[10сент.2026 00:48:30.229] [main/DEBUG] [net.neoforged.fml.loading.moddiscovery.ModDiscoverer/]: Skipping C:\Users\Артем\.gradle\caches\modules-2\files-2.1\org.lwjgl\lwjgl-stb\3.3.3\25dd6161988d7e65f71d5065c99902402ee32746\lwjgl-stb-3.3.3.jar because it was already located earlier
[10сент.2026 00:48:30.229] [main/DEBUG] [net.neoforged.fml.loading.moddiscovery.ModDiscoverer/]: Skipping C:\Users\Артем\.gradle\caches\modules-2\files-2.1\org.lwjgl\lwjgl-stb\3.3.3\1d9facdf6541de114b0f963be33505b7679c78cb\lwjgl-stb-3.3.3-natives-windows.jar because it was already located earlier
[10сент.2026 00:48:30.236] [main/DEBUG] [net.neoforged.fml.loading.moddiscovery.ModDiscoverer/]: Skipping C:\Users\Артем\.gradle\caches\modules-2\files-2.1\org.lwjgl\lwjgl-tinyfd\3.3.3\82d755ca94b102e9ca77283b9e2dc46d1b15fbe5\lwjgl-tinyfd-3.3.3.jar because it was already located earlier
[10сент.2026 00:48:30.237] [main/DEBUG] [net.neoforged.fml.loading.moddiscovery.ModDiscoverer/]: Skipping C:\Users\Артем\.gradle\caches\modules-2\files-2.1\org.lwjgl\lwjgl-tinyfd\3.3.3\a6697981b0449a5087c1d546fc08b4f73e8f98c9\lwjgl-tinyfd-3.3.3-natives-windows.jar because it was already located earlier
[10сент.2026 00:48:30.244] [main/DEBUG] [net.neoforged.fml.loading.moddiscovery.ModDiscoverer/]: Skipping C:\Users\Артем\.gradle\caches\modules-2\files-2.1\org.lwjgl\lwjgl\3.3.3\29589b5f87ed335a6c7e7ee6a5775f81f97ecb84\lwjgl-3.3.3.jar because it was already located earlier
[10сент.2026 00:48:30.251] [main/DEBUG] [net.neoforged.fml.loading.moddiscovery.ModDiscoverer/]: Skipping C:\Users\Артем\.gradle\caches\modules-2\files-2.1\org.lwjgl\lwjgl\3.3.3\9e670718e050aeaeea0c2d5b907cffb142f2e58f\lwjgl-3.3.3-natives-windows-x86.jar because it was already located earlier
[10сент.2026 00:48:30.251] [main/DEBUG] [net.neoforged.fml.loading.moddiscovery.ModDiscoverer/]: Skipping C:\Users\Артем\.gradle\caches\modules-2\files-2.1\org.lz4\lz4-java\1.8.0\4b986a99445e49ea5fbf5d149c4b63f6ed6c6780\lz4-java-1.8.0.jar because it was already located earlier
[10сент.2026 00:48:30.251] [main/DEBUG] [net.neoforged.fml.loading.moddiscovery.ModDiscoverer/]: Skipping C:\Users\Артем\.gradle\caches\modules-2\files-2.1\org.jline\jline-terminal\3.20.0\d0ddcc708ddf527a3454c941b7b9225cc83a15ff\jline-terminal-3.20.0.jar because it was already located earlier
[10сент.2026 00:48:30.251] [main/DEBUG] [net.neoforged.fml.loading.moddiscovery.ModDiscoverer/]: Skipping C:\Users\Артем\.gradle\caches\modules-2\files-2.1\com.google.guava\listenablefuture\9999.0-empty-to-avoid-conflict-with-guava\b421526c5f297295adef1c886e5246c39d4ac629\listenablefuture-9999.0-empty-to-avoid-conflict-with-guava.jar because it was already located earlier
[10сент.2026 00:48:30.251] [main/DEBUG] [net.neoforged.fml.loading.moddiscovery.ModDiscoverer/]: Skipping C:\Users\Артем\.gradle\caches\modules-2\files-2.1\com.google.code.findbugs\jsr305\3.0.2\25ea2e8b0c338a877313bd4672d3fe056ea78f0d\jsr305-3.0.2.jar because it was already located earlier
[10сент.2026 00:48:30.252] [main/DEBUG] [net.neoforged.fml.loading.moddiscovery.ModDiscoverer/]: Skipping C:\Users\Артем\.gradle\caches\modules-2\files-2.1\org.checkerframework\checker-qual\3.33.0\de2b60b62da487644fc11f734e73c8b0b431238f\checker-qual-3.33.0.jar because it was already located earlier
[10сент.2026 00:48:30.252] [main/DEBUG] [net.neoforged.fml.loading.moddiscovery.ModDiscoverer/]: Skipping C:\Users\Артем\.gradle\caches\modules-2\files-2.1\com.google.errorprone\error_prone_annotations\2.18.0\89b684257096f548fa39a7df9fdaa409d4d4df91\error_prone_annotations-2.18.0.jar because it was already located earlier
[10сент.2026 00:48:30.252] [main/DEBUG] [net.neoforged.fml.loading.moddiscovery.ModDiscoverer/]: Skipping C:\Users\Артем\.gradle\caches\modules-2\files-2.1\com.google.j2objc\j2objc-annotations\2.8\c85270e307e7b822f1086b93689124b89768e273\j2objc-annotations-2.8.jar because it was already located earlier
[10сент.2026 00:48:30.254] [main/DEBUG] [net.neoforged.fml.loading.UniqueModListBuilder/]: Found 2 mods for first modid neoforge, selecting most recent based on version data
[10сент.2026 00:48:30.255] [main/DEBUG] [net.neoforged.fml.loading.UniqueModListBuilder/]: Selected file neoforge-21.1.250.jar for modid neoforge with version 21.1.250
[10сент.2026 00:48:30.357] [main/DEBUG] [net.neoforged.fml.loading.moddiscovery.ModFileParser/LOADING]: Considering mod file candidate 
[10сент.2026 00:48:30.359] [main/DEBUG] [net.neoforged.fml.loading.moddiscovery.ModFileInfo/LOADING]: Found valid mod file kuma-api-neoforge-21.0.8+1.21.jar with {kuma_api} mods - versions {21.0.8}
[10сент.2026 00:48:30.409] [main/DEBUG] [net.neoforged.fml.loading.moddiscovery.ModFileParser/LOADING]: Considering mod file candidate 
[10сент.2026 00:48:30.412] [main/DEBUG] [net.neoforged.fml.loading.moddiscovery.ModFileInfo/LOADING]: Found valid mod file kuma-api-neoforge-21.0.8+1.21.jar with {kuma_api} mods - versions {21.0.8}
[10сент.2026 00:48:30.416] [main/INFO] [net.neoforged.fml.loading.moddiscovery.locators.JarInJarDependencyLocator/]: Found 3 dependencies adding them to mods collection
[10сент.2026 00:48:30.419] [main/INFO] [net.neoforged.fml.loading.moddiscovery.ModDiscoverer/]: 
     Mod List:
		Name Version (Mod Id)

		Balm 21.0.65 (balm)
		Hardcore Revival 21.1.22 (hardcorerevival)
		KumaAPI 21.0.8 (kuma_api)
		Minecraft 1.21.1 (minecraft)
		NeoForge 21.1.250 (neoforge)
		Revival Addon 1.0.0 (albarevivaladdon)
[10сент.2026 00:48:30.421] [main/DEBUG] [net.neoforged.fml.loading.moddiscovery.ModFileInfo/LOADING]: Found valid mod file neoforge-21.1.250.jar with {minecraft} mods - versions {1.21.1}
[10сент.2026 00:48:30.424] [main/DEBUG] [net.neoforged.fml.loading.moddiscovery.ModFile/LOADING]: Loading mod file E:\college_minecraft_server\_CustomMods\RevivalAddon\build\moddev\artifacts\neoforge-21.1.250.jar with languages [LanguageSpec[languageName=minecraft, acceptedVersions=1]]
[10сент.2026 00:48:30.426] [main/DEBUG] [net.neoforged.fml.loading.moddiscovery.ModFileParser/LOADING]: Considering mod file candidate C:\Users\Артем\.gradle\caches\modules-2\files-2.1\curse.maven\hardcore-revival-274036\8837401\bd5078ded1d24c2ca5a8f5cf82faa739743aec7e\hardcore-revival-274036-8837401.jar
[10сент.2026 00:48:30.428] [main/DEBUG] [net.neoforged.fml.loading.moddiscovery.ModFileInfo/LOADING]: Found valid mod file hardcore-revival-274036-8837401.jar with {hardcorerevival} mods - versions {21.1.22}
[10сент.2026 00:48:30.428] [main/DEBUG] [net.neoforged.fml.loading.moddiscovery.ModFile/LOADING]: Loading mod file C:\Users\Артем\.gradle\caches\modules-2\files-2.1\curse.maven\hardcore-revival-274036\8837401\bd5078ded1d24c2ca5a8f5cf82faa739743aec7e\hardcore-revival-274036-8837401.jar with languages [LanguageSpec[languageName=javafml, acceptedVersions=[1,)]]
[10сент.2026 00:48:30.430] [main/DEBUG] [net.neoforged.fml.loading.moddiscovery.ModFile/LOADING]: Found mixin config MixinConfig[config=hardcorerevival.mixins.json, requiredMods=[]]
[10сент.2026 00:48:30.430] [main/DEBUG] [net.neoforged.fml.loading.moddiscovery.ModFile/LOADING]: Found mixin config MixinConfig[config=hardcorerevival.neoforge.mixins.json, requiredMods=[]]
[10сент.2026 00:48:30.431] [main/DEBUG] [net.neoforged.fml.loading.moddiscovery.ModFileParser/LOADING]: Considering mod file candidate 
[10сент.2026 00:48:30.433] [main/DEBUG] [net.neoforged.fml.loading.moddiscovery.ModFileInfo/LOADING]: Found valid mod file kuma-api-neoforge-21.0.8+1.21.jar with {kuma_api} mods - versions {21.0.8}
[10сент.2026 00:48:30.433] [main/DEBUG] [net.neoforged.fml.loading.moddiscovery.ModFile/LOADING]: Loading mod file  with languages [LanguageSpec[languageName=javafml, acceptedVersions=[1,)]]
[10сент.2026 00:48:30.433] [main/DEBUG] [net.neoforged.fml.loading.moddiscovery.ModFile/LOADING]: Found mixin config MixinConfig[config=kuma_api.mixins.json, requiredMods=[]]
[10сент.2026 00:48:30.433] [main/DEBUG] [net.neoforged.fml.loading.moddiscovery.ModFile/LOADING]: Found mixin config MixinConfig[config=kuma_api.neoforge.mixins.json, requiredMods=[]]
[10сент.2026 00:48:30.434] [main/DEBUG] [net.neoforged.fml.loading.moddiscovery.ModFileParser/LOADING]: Considering mod file candidate E:\college_minecraft_server\_CustomMods\RevivalAddon\build\classes\java\main
[10сент.2026 00:48:30.438] [main/DEBUG] [net.neoforged.fml.loading.moddiscovery.ModFileInfo/LOADING]: Found valid mod file main with {albarevivaladdon} mods - versions {1.0.0}
[10сент.2026 00:48:30.438] [main/DEBUG] [net.neoforged.fml.loading.moddiscovery.ModFile/LOADING]: Loading mod file E:\college_minecraft_server\_CustomMods\RevivalAddon\build\classes\java\main with languages [LanguageSpec[languageName=javafml, acceptedVersions=[1,)]]
[10сент.2026 00:48:30.438] [main/DEBUG] [net.neoforged.fml.loading.moddiscovery.ModFileParser/LOADING]: Considering mod file candidate E:\college_minecraft_server\_CustomMods\RevivalAddon\build\moddev\artifacts\neoforge-21.1.250.jar
[10сент.2026 00:48:30.440] [main/DEBUG] [net.neoforged.fml.loading.moddiscovery.ModFileInfo/LOADING]: Found valid mod file neoforge-21.1.250.jar with {neoforge} mods - versions {21.1.250}
[10сент.2026 00:48:30.440] [main/DEBUG] [net.neoforged.fml.loading.moddiscovery.ModFile/LOADING]: Loading mod file E:\college_minecraft_server\_CustomMods\RevivalAddon\build\moddev\artifacts\neoforge-21.1.250.jar with languages [LanguageSpec[languageName=javafml, acceptedVersions=[3,]]]
[10сент.2026 00:48:30.440] [main/DEBUG] [net.neoforged.fml.loading.moddiscovery.ModFile/LOADING]: Found mixin config MixinConfig[config=neoforge.mixins.json, requiredMods=[]]
[10сент.2026 00:48:30.441] [main/DEBUG] [net.neoforged.fml.loading.moddiscovery.ModFileParser/LOADING]: Considering mod file candidate C:\Users\Артем\.gradle\caches\modules-2\files-2.1\curse.maven\balm-531761\8645517\69e0b3b69dd23c132e85b7e82310f45ae96b263d\balm-531761-8645517.jar
[10сент.2026 00:48:30.442] [main/DEBUG] [net.neoforged.fml.loading.moddiscovery.ModFileInfo/LOADING]: Found valid mod file balm-531761-8645517.jar with {balm} mods - versions {21.0.65}
[10сент.2026 00:48:30.442] [main/DEBUG] [net.neoforged.fml.loading.moddiscovery.ModFile/LOADING]: Loading mod file C:\Users\Артем\.gradle\caches\modules-2\files-2.1\curse.maven\balm-531761\8645517\69e0b3b69dd23c132e85b7e82310f45ae96b263d\balm-531761-8645517.jar with languages [LanguageSpec[languageName=javafml, acceptedVersions=[1,)]]
[10сент.2026 00:48:30.442] [main/DEBUG] [net.neoforged.fml.loading.moddiscovery.ModFile/LOADING]: Found mixin config MixinConfig[config=balm.mixins.json, requiredMods=[]]
[10сент.2026 00:48:30.443] [main/DEBUG] [net.neoforged.fml.loading.moddiscovery.ModFile/LOADING]: Found mixin config MixinConfig[config=balm.neoforge.mixins.json, requiredMods=[]]
[10сент.2026 00:48:30.443] [main/DEBUG] [net.neoforged.fml.loading.moddiscovery.ModFile/LOADING]: Loading mod file  with languages []
[10сент.2026 00:48:30.444] [main/DEBUG] [cpw.mods.modlauncher.TransformationServiceDecorator/MODLAUNCHER]: End scan trigger - transformation service fml
[10сент.2026 00:48:30.458] [main/DEBUG] [net.neoforged.fml.util.ServiceLoaderUtil/CORE]: Found 3 implementations of IModLanguageLoader:
[10сент.2026 00:48:30.459] [main/DEBUG] [net.neoforged.fml.util.ServiceLoaderUtil/CORE]: 	net.neoforged.fml.javafmlmod.FMLJavaModLanguageProvider from loader-4.0.44.jar
[10сент.2026 00:48:30.459] [main/DEBUG] [net.neoforged.fml.util.ServiceLoaderUtil/CORE]: 	net.neoforged.fml.lowcodemod.LowCodeModLanguageProvider from loader-4.0.44.jar
[10сент.2026 00:48:30.459] [main/DEBUG] [net.neoforged.fml.util.ServiceLoaderUtil/CORE]: 	net.neoforged.fml.mclanguageprovider.MinecraftModLanguageProvider from loader-4.0.44.jar
[10сент.2026 00:48:30.460] [main/DEBUG] [net.neoforged.fml.loading.LanguageProviderLoader/CORE]: Found language provider javafml, version 4.0.44
[10сент.2026 00:48:30.461] [main/DEBUG] [net.neoforged.fml.loading.LanguageProviderLoader/CORE]: Found language provider lowcodefml, version 4.0.44
[10сент.2026 00:48:30.462] [main/DEBUG] [net.neoforged.fml.loading.LanguageProviderLoader/CORE]: Found language provider minecraft, version 4.0.44
[10сент.2026 00:48:30.469] [main/DEBUG] [net.neoforged.fml.loading.ModSorter/]: Configured system mods: [minecraft, neoforge]
[10сент.2026 00:48:30.469] [main/DEBUG] [net.neoforged.fml.loading.ModSorter/]: Found system mod: minecraft
[10сент.2026 00:48:30.469] [main/DEBUG] [net.neoforged.fml.loading.ModSorter/]: Found system mod: neoforge
[10сент.2026 00:48:30.471] [main/DEBUG] [net.neoforged.fml.loading.ModSorter/LOADING]: Found 11 mod requirements (11 mandatory, 0 optional)
[10сент.2026 00:48:30.472] [main/DEBUG] [net.neoforged.fml.loading.ModSorter/LOADING]: Found 0 mod requirements missing (0 mandatory, 0 optional)
[10сент.2026 00:48:30.651] [main/DEBUG] [mixin/]: Adding mixin platform agents for container net.neoforged.fml.loading.mixin.FMLMixinContainerHandle@6e57b5e9
[10сент.2026 00:48:30.652] [main/DEBUG] [mixin/]: Instancing new MixinPlatformAgentMinecraftForge for net.neoforged.fml.loading.mixin.FMLMixinContainerHandle@6e57b5e9
[10сент.2026 00:48:30.652] [main/DEBUG] [mixin/]: MixinPlatformAgentMinecraftForge rejected container net.neoforged.fml.loading.mixin.FMLMixinContainerHandle@6e57b5e9
[10сент.2026 00:48:30.652] [main/DEBUG] [mixin/]: Instancing new MixinPlatformAgentDefault for net.neoforged.fml.loading.mixin.FMLMixinContainerHandle@6e57b5e9
[10сент.2026 00:48:30.653] [main/DEBUG] [mixin/]: MixinPlatformAgentDefault accepted container net.neoforged.fml.loading.mixin.FMLMixinContainerHandle@6e57b5e9
[10сент.2026 00:48:30.653] [main/DEBUG] [mixin/]: Instancing new FMLMixinPlatformAgent for net.neoforged.fml.loading.mixin.FMLMixinContainerHandle@6e57b5e9
[10сент.2026 00:48:30.653] [main/DEBUG] [mixin/]: FMLMixinPlatformAgent accepted container net.neoforged.fml.loading.mixin.FMLMixinContainerHandle@6e57b5e9
[10сент.2026 00:48:30.663] [main/DEBUG] [cpw.mods.modlauncher.TransformationServicesHandler/MODLAUNCHER]: Transformation services loading transformers
[10сент.2026 00:48:30.664] [main/DEBUG] [cpw.mods.modlauncher.TransformationServiceDecorator/MODLAUNCHER]: Initializing transformers for transformation service mixin
[10сент.2026 00:48:30.665] [main/DEBUG] [cpw.mods.modlauncher.TransformationServiceDecorator/MODLAUNCHER]: Initialized transformers for transformation service mixin
[10сент.2026 00:48:30.665] [main/DEBUG] [cpw.mods.modlauncher.TransformationServiceDecorator/MODLAUNCHER]: Initializing transformers for transformation service fml
[10сент.2026 00:48:30.665] [main/DEBUG] [net.neoforged.fml.loading.FMLServiceProvider/LOADING]: Loading coremod transformers
[10сент.2026 00:48:30.666] [main/DEBUG] [net.neoforged.fml.loading.FMLServiceProvider/CORE]: Not loading coremod script-engine since no mod requested it
[10сент.2026 00:48:30.667] [main/DEBUG] [net.neoforged.fml.util.ServiceLoaderUtil/CORE]: Found 1 implementations of ICoreMod:
[10сент.2026 00:48:30.667] [main/DEBUG] [net.neoforged.fml.util.ServiceLoaderUtil/CORE]: 	net.neoforged.neoforge.coremods.NeoForgeCoreMod from neoforge-21.1.250.jar > net.neoforged.neoforge-coremods-21.1.250.jar
[10сент.2026 00:48:30.678] [main/DEBUG] [net.neoforged.fml.loading.FMLServiceProvider/CORE]: Adding [Target[className=net.minecraft.world.level.biome.Biome, elementName=, elementDescriptor=, targetType=cpw.mods.modlauncher.api.TargetType@2f48b3d2]] transformer from core-mod net.neoforged.neoforge.coremods.NeoForgeCoreMod@345cf395 in neoforge-21.1.250.jar > net.neoforged.neoforge-coremods-21.1.250.jar
[10сент.2026 00:48:30.679] [main/DEBUG] [net.neoforged.fml.loading.FMLServiceProvider/CORE]: Adding [Target[className=net.minecraft.world.level.levelgen.structure.Structure, elementName=, elementDescriptor=, targetType=cpw.mods.modlauncher.api.TargetType@2f48b3d2]] transformer from core-mod net.neoforged.neoforge.coremods.NeoForgeCoreMod@345cf395 in neoforge-21.1.250.jar > net.neoforged.neoforge-coremods-21.1.250.jar
[10сент.2026 00:48:30.679] [main/DEBUG] [net.neoforged.fml.loading.FMLServiceProvider/CORE]: Adding [Target[className=net.minecraft.world.level.block.FlowerPotBlock, elementName=, elementDescriptor=, targetType=cpw.mods.modlauncher.api.TargetType@2f48b3d2]] transformer from core-mod net.neoforged.neoforge.coremods.NeoForgeCoreMod@345cf395 in neoforge-21.1.250.jar > net.neoforged.neoforge-coremods-21.1.250.jar
[10сент.2026 00:48:30.679] [main/DEBUG] [net.neoforged.fml.loading.FMLServiceProvider/CORE]: Adding [Target[className=net/minecraft/world/entity/monster/Evoker$EvokerSummonSpellGoal, elementName=, elementDescriptor=, targetType=cpw.mods.modlauncher.api.TargetType@2f48b3d2], Target[className=net/minecraft/world/level/levelgen/structure/structures/OceanMonumentPieces$OceanMonumentPiece, elementName=, elementDescriptor=, targetType=cpw.mods.modlauncher.api.TargetType@2f48b3d2], Target[className=net/minecraft/world/entity/animal/frog/Tadpole, elementName=, elementDescriptor=, targetType=cpw.mods.modlauncher.api.TargetType@2f48b3d2], Target[className=net/minecraft/world/entity/monster/Strider, elementName=, elementDescriptor=, targetType=cpw.mods.modlauncher.api.TargetType@2f48b3d2], Target[className=net/minecraft/world/level/levelgen/structure/templatesystem/StructureTemplate, elementName=, elementDescriptor=, targetType=cpw.mods.modlauncher.api.TargetType@2f48b3d2], Target[className=net/minecraft/world/entity/monster/ZombieVillager, elementName=, elementDescriptor=, targetType=cpw.mods.modlauncher.api.TargetType@2f48b3d2], Target[className=net/minecraft/world/entity/npc/Villager, elementName=, elementDescriptor=, targetType=cpw.mods.modlauncher.api.TargetType@2f48b3d2], Target[className=net/minecraft/world/level/levelgen/PatrolSpawner, elementName=, elementDescriptor=, targetType=cpw.mods.modlauncher.api.TargetType@2f48b3d2], Target[className=net/minecraft/world/level/levelgen/structure/structures/OceanRuinPieces$OceanRuinPiece, elementName=, elementDescriptor=, targetType=cpw.mods.modlauncher.api.TargetType@2f48b3d2], Target[className=net/minecraft/world/level/levelgen/PhantomSpawner, elementName=, elementDescriptor=, targetType=cpw.mods.modlauncher.api.TargetType@2f48b3d2], Target[className=net/minecraft/world/level/levelgen/structure/structures/SwampHutPiece, elementName=, elementDescriptor=, targetType=cpw.mods.modlauncher.api.TargetType@2f48b3d2], Target[className=net/minecraft/server/commands/SummonCommand, elementName=, elementDescriptor=, targetType=cpw.mods.modlauncher.api.TargetType@2f48b3d2], Target[className=net/minecraft/world/level/levelgen/structure/structures/WoodlandMansionPieces$WoodlandMansionPiece, elementName=, elementDescriptor=, targetType=cpw.mods.modlauncher.api.TargetType@2f48b3d2], Target[className=net/minecraft/world/entity/npc/CatSpawner, elementName=, elementDescriptor=, targetType=cpw.mods.modlauncher.api.TargetType@2f48b3d2], Target[className=net/minecraft/world/entity/ai/village/VillageSiege, elementName=, elementDescriptor=, targetType=cpw.mods.modlauncher.api.TargetType@2f48b3d2], Target[className=net/minecraft/world/entity/EntityType, elementName=, elementDescriptor=, targetType=cpw.mods.modlauncher.api.TargetType@2f48b3d2], Target[className=net/minecraft/world/entity/monster/Zombie, elementName=, elementDescriptor=, targetType=cpw.mods.modlauncher.api.TargetType@2f48b3d2], Target[className=net/minecraft/server/commands/RaidCommand, elementName=, elementDescriptor=, targetType=cpw.mods.modlauncher.api.TargetType@2f48b3d2], Target[className=net/minecraft/world/entity/animal/horse/SkeletonTrapGoal, elementName=, elementDescriptor=, targetType=cpw.mods.modlauncher.api.TargetType@2f48b3d2], Target[className=net/minecraft/world/entity/monster/Spider, elementName=, elementDescriptor=, targetType=cpw.mods.modlauncher.api.TargetType@2f48b3d2], Target[className=net/minecraft/world/entity/raid/Raid, elementName=, elementDescriptor=, targetType=cpw.mods.modlauncher.api.TargetType@2f48b3d2], Target[className=net/minecraft/world/level/NaturalSpawner, elementName=, elementDescriptor=, targetType=cpw.mods.modlauncher.api.TargetType@2f48b3d2]] transformer from core-mod net.neoforged.neoforge.coremods.NeoForgeCoreMod@345cf395 in neoforge-21.1.250.jar > net.neoforged.neoforge-coremods-21.1.250.jar
[10сент.2026 00:48:30.688] [main/DEBUG] [cpw.mods.modlauncher.TransformStore/MODLAUNCHER]: Adding transformer net.neoforged.neoforge.coremods.ReplaceFieldWithGetterAccess@45d6ef73 to Target : cpw.mods.modlauncher.api.TargetType@2f48b3d2 {Lnet/minecraft/world/level/biome/Biome;} {} {V}
[10сент.2026 00:48:30.691] [main/DEBUG] [cpw.mods.modlauncher.TransformStore/MODLAUNCHER]: Adding transformer net.neoforged.neoforge.coremods.ReplaceFieldWithGetterAccess@507d20bb to Target : cpw.mods.modlauncher.api.TargetType@2f48b3d2 {Lnet/minecraft/world/level/levelgen/structure/Structure;} {} {V}
[10сент.2026 00:48:30.692] [main/DEBUG] [cpw.mods.modlauncher.TransformStore/MODLAUNCHER]: Adding transformer net.neoforged.neoforge.coremods.ReplaceFieldWithGetterAccess@9fec931 to Target : cpw.mods.modlauncher.api.TargetType@2f48b3d2 {Lnet/minecraft/world/level/block/FlowerPotBlock;} {} {V}
[10сент.2026 00:48:30.692] [main/DEBUG] [cpw.mods.modlauncher.TransformStore/MODLAUNCHER]: Adding transformer net.neoforged.neoforge.coremods.MethodRedirector@5cbd159f to Target : cpw.mods.modlauncher.api.TargetType@2f48b3d2 {Lnet/minecraft/world/entity/monster/Evoker$EvokerSummonSpellGoal;} {} {V}
[10сент.2026 00:48:30.692] [main/DEBUG] [cpw.mods.modlauncher.TransformStore/MODLAUNCHER]: Adding transformer net.neoforged.neoforge.coremods.MethodRedirector@5cbd159f to Target : cpw.mods.modlauncher.api.TargetType@2f48b3d2 {Lnet/minecraft/world/level/levelgen/structure/structures/OceanMonumentPieces$OceanMonumentPiece;} {} {V}
[10сент.2026 00:48:30.692] [main/DEBUG] [cpw.mods.modlauncher.TransformStore/MODLAUNCHER]: Adding transformer net.neoforged.neoforge.coremods.MethodRedirector@5cbd159f to Target : cpw.mods.modlauncher.api.TargetType@2f48b3d2 {Lnet/minecraft/world/entity/animal/frog/Tadpole;} {} {V}
[10сент.2026 00:48:30.692] [main/DEBUG] [cpw.mods.modlauncher.TransformStore/MODLAUNCHER]: Adding transformer net.neoforged.neoforge.coremods.MethodRedirector@5cbd159f to Target : cpw.mods.modlauncher.api.TargetType@2f48b3d2 {Lnet/minecraft/world/entity/monster/Strider;} {} {V}
[10сент.2026 00:48:30.692] [main/DEBUG] [cpw.mods.modlauncher.TransformStore/MODLAUNCHER]: Adding transformer net.neoforged.neoforge.coremods.MethodRedirector@5cbd159f to Target : cpw.mods.modlauncher.api.TargetType@2f48b3d2 {Lnet/minecraft/world/level/levelgen/structure/templatesystem/StructureTemplate;} {} {V}
[10сент.2026 00:48:30.692] [main/DEBUG] [cpw.mods.modlauncher.TransformStore/MODLAUNCHER]: Adding transformer net.neoforged.neoforge.coremods.MethodRedirector@5cbd159f to Target : cpw.mods.modlauncher.api.TargetType@2f48b3d2 {Lnet/minecraft/world/entity/monster/ZombieVillager;} {} {V}
[10сент.2026 00:48:30.693] [main/DEBUG] [cpw.mods.modlauncher.TransformStore/MODLAUNCHER]: Adding transformer net.neoforged.neoforge.coremods.MethodRedirector@5cbd159f to Target : cpw.mods.modlauncher.api.TargetType@2f48b3d2 {Lnet/minecraft/world/entity/npc/Villager;} {} {V}
[10сент.2026 00:48:30.693] [main/DEBUG] [cpw.mods.modlauncher.TransformStore/MODLAUNCHER]: Adding transformer net.neoforged.neoforge.coremods.MethodRedirector@5cbd159f to Target : cpw.mods.modlauncher.api.TargetType@2f48b3d2 {Lnet/minecraft/world/level/levelgen/PatrolSpawner;} {} {V}
[10сент.2026 00:48:30.693] [main/DEBUG] [cpw.mods.modlauncher.TransformStore/MODLAUNCHER]: Adding transformer net.neoforged.neoforge.coremods.MethodRedirector@5cbd159f to Target : cpw.mods.modlauncher.api.TargetType@2f48b3d2 {Lnet/minecraft/world/level/levelgen/structure/structures/OceanRuinPieces$OceanRuinPiece;} {} {V}
[10сент.2026 00:48:30.693] [main/DEBUG] [cpw.mods.modlauncher.TransformStore/MODLAUNCHER]: Adding transformer net.neoforged.neoforge.coremods.MethodRedirector@5cbd159f to Target : cpw.mods.modlauncher.api.TargetType@2f48b3d2 {Lnet/minecraft/world/level/levelgen/PhantomSpawner;} {} {V}
[10сент.2026 00:48:30.693] [main/DEBUG] [cpw.mods.modlauncher.TransformStore/MODLAUNCHER]: Adding transformer net.neoforged.neoforge.coremods.MethodRedirector@5cbd159f to Target : cpw.mods.modlauncher.api.TargetType@2f48b3d2 {Lnet/minecraft/world/level/levelgen/structure/structures/SwampHutPiece;} {} {V}
[10сент.2026 00:48:30.693] [main/DEBUG] [cpw.mods.modlauncher.TransformStore/MODLAUNCHER]: Adding transformer net.neoforged.neoforge.coremods.MethodRedirector@5cbd159f to Target : cpw.mods.modlauncher.api.TargetType@2f48b3d2 {Lnet/minecraft/server/commands/SummonCommand;} {} {V}
[10сент.2026 00:48:30.693] [main/DEBUG] [cpw.mods.modlauncher.TransformStore/MODLAUNCHER]: Adding transformer net.neoforged.neoforge.coremods.MethodRedirector@5cbd159f to Target : cpw.mods.modlauncher.api.TargetType@2f48b3d2 {Lnet/minecraft/world/level/levelgen/structure/structures/WoodlandMansionPieces$WoodlandMansionPiece;} {} {V}
[10сент.2026 00:48:30.693] [main/DEBUG] [cpw.mods.modlauncher.TransformStore/MODLAUNCHER]: Adding transformer net.neoforged.neoforge.coremods.MethodRedirector@5cbd159f to Target : cpw.mods.modlauncher.api.TargetType@2f48b3d2 {Lnet/minecraft/world/entity/npc/CatSpawner;} {} {V}
[10сент.2026 00:48:30.694] [main/DEBUG] [cpw.mods.modlauncher.TransformStore/MODLAUNCHER]: Adding transformer net.neoforged.neoforge.coremods.MethodRedirector@5cbd159f to Target : cpw.mods.modlauncher.api.TargetType@2f48b3d2 {Lnet/minecraft/world/entity/ai/village/VillageSiege;} {} {V}
[10сент.2026 00:48:30.694] [main/DEBUG] [cpw.mods.modlauncher.TransformStore/MODLAUNCHER]: Adding transformer net.neoforged.neoforge.coremods.MethodRedirector@5cbd159f to Target : cpw.mods.modlauncher.api.TargetType@2f48b3d2 {Lnet/minecraft/world/entity/EntityType;} {} {V}
[10сент.2026 00:48:30.694] [main/DEBUG] [cpw.mods.modlauncher.TransformStore/MODLAUNCHER]: Adding transformer net.neoforged.neoforge.coremods.MethodRedirector@5cbd159f to Target : cpw.mods.modlauncher.api.TargetType@2f48b3d2 {Lnet/minecraft/world/entity/monster/Zombie;} {} {V}
[10сент.2026 00:48:30.694] [main/DEBUG] [cpw.mods.modlauncher.TransformStore/MODLAUNCHER]: Adding transformer net.neoforged.neoforge.coremods.MethodRedirector@5cbd159f to Target : cpw.mods.modlauncher.api.TargetType@2f48b3d2 {Lnet/minecraft/server/commands/RaidCommand;} {} {V}
[10сент.2026 00:48:30.694] [main/DEBUG] [cpw.mods.modlauncher.TransformStore/MODLAUNCHER]: Adding transformer net.neoforged.neoforge.coremods.MethodRedirector@5cbd159f to Target : cpw.mods.modlauncher.api.TargetType@2f48b3d2 {Lnet/minecraft/world/entity/animal/horse/SkeletonTrapGoal;} {} {V}
[10сент.2026 00:48:30.694] [main/DEBUG] [cpw.mods.modlauncher.TransformStore/MODLAUNCHER]: Adding transformer net.neoforged.neoforge.coremods.MethodRedirector@5cbd159f to Target : cpw.mods.modlauncher.api.TargetType@2f48b3d2 {Lnet/minecraft/world/entity/monster/Spider;} {} {V}
[10сент.2026 00:48:30.695] [main/DEBUG] [cpw.mods.modlauncher.TransformStore/MODLAUNCHER]: Adding transformer net.neoforged.neoforge.coremods.MethodRedirector@5cbd159f to Target : cpw.mods.modlauncher.api.TargetType@2f48b3d2 {Lnet/minecraft/world/entity/raid/Raid;} {} {V}
[10сент.2026 00:48:30.695] [main/DEBUG] [cpw.mods.modlauncher.TransformStore/MODLAUNCHER]: Adding transformer net.neoforged.neoforge.coremods.MethodRedirector@5cbd159f to Target : cpw.mods.modlauncher.api.TargetType@2f48b3d2 {Lnet/minecraft/world/level/NaturalSpawner;} {} {V}
[10сент.2026 00:48:30.695] [main/DEBUG] [cpw.mods.modlauncher.TransformationServiceDecorator/MODLAUNCHER]: Initialized transformers for transformation service fml
[10сент.2026 00:48:31.385] [main/DEBUG] [mixin/]: Processing prepare() for PlatformAgent[MixinPlatformAgentDefault:ModLauncher Root Container(ModLauncher:4f56a0a2)]
[10сент.2026 00:48:31.386] [main/DEBUG] [mixin/]: Processing prepare() for PlatformAgent[MixinPlatformAgentDefault:net.neoforged.fml.loading.mixin.FMLMixinContainerHandle@6e57b5e9]
[10сент.2026 00:48:31.386] [main/DEBUG] [mixin/]: Processing prepare() for PlatformAgent[FMLMixinPlatformAgent:null]
[10сент.2026 00:48:31.436] [main/DEBUG] [mixin/]: Compatibility level JAVA_17 specified by hardcorerevival.mixins.json is higher than the maximum level supported by this version of mixin (JAVA_13).
[10сент.2026 00:48:31.442] [main/INFO] [mixin/]: Compatibility level set to JAVA_17
[10сент.2026 00:48:31.449] [main/DEBUG] [mixin/]: Compatibility level JAVA_21 specified by kuma_api.neoforge.mixins.json is higher than the maximum level supported by this version of mixin (JAVA_13).
[10сент.2026 00:48:31.450] [main/INFO] [mixin/]: Compatibility level set to JAVA_21
[10сент.2026 00:48:31.453] [main/DEBUG] [mixin/]: Compatibility level JAVA_17 specified by balm.mixins.json is higher than the maximum level supported by this version of mixin (JAVA_13).
[10сент.2026 00:48:31.458] [main/DEBUG] [mixin/]: Processing launch tasks for PlatformAgent[MixinPlatformAgentDefault:ModLauncher Root Container(ModLauncher:4f56a0a2)]
[10сент.2026 00:48:31.458] [main/DEBUG] [mixin/]: Adding mixin platform agents for container SecureJarResource(mixin_synthetic)
[10сент.2026 00:48:31.458] [main/DEBUG] [mixin/]: Instancing new MixinPlatformAgentMinecraftForge for SecureJarResource(mixin_synthetic)
[10сент.2026 00:48:31.458] [main/DEBUG] [mixin/]: MixinPlatformAgentMinecraftForge rejected container SecureJarResource(mixin_synthetic)
[10сент.2026 00:48:31.458] [main/DEBUG] [mixin/]: Instancing new MixinPlatformAgentDefault for SecureJarResource(mixin_synthetic)
[10сент.2026 00:48:31.458] [main/DEBUG] [mixin/]: MixinPlatformAgentDefault accepted container SecureJarResource(mixin_synthetic)
[10сент.2026 00:48:31.458] [main/DEBUG] [mixin/]: Instancing new FMLMixinPlatformAgent for SecureJarResource(mixin_synthetic)
[10сент.2026 00:48:31.459] [main/DEBUG] [mixin/]: FMLMixinPlatformAgent rejected container SecureJarResource(mixin_synthetic)
[10сент.2026 00:48:31.459] [main/DEBUG] [mixin/]: Processing prepare() for PlatformAgent[MixinPlatformAgentDefault:SecureJarResource(mixin_synthetic)]
[10сент.2026 00:48:31.460] [main/DEBUG] [mixin/]: Adding mixin platform agents for container SecureJarResource(minecraft)
[10сент.2026 00:48:31.461] [main/DEBUG] [mixin/]: Instancing new MixinPlatformAgentMinecraftForge for SecureJarResource(minecraft)
[10сент.2026 00:48:31.461] [main/DEBUG] [mixin/]: MixinPlatformAgentMinecraftForge rejected container SecureJarResource(minecraft)
[10сент.2026 00:48:31.463] [main/DEBUG] [mixin/]: Instancing new MixinPlatformAgentDefault for SecureJarResource(minecraft)
[10сент.2026 00:48:31.464] [main/DEBUG] [mixin/]: MixinPlatformAgentDefault accepted container SecureJarResource(minecraft)
[10сент.2026 00:48:31.464] [main/DEBUG] [mixin/]: Instancing new FMLMixinPlatformAgent for SecureJarResource(minecraft)
[10сент.2026 00:48:31.464] [main/DEBUG] [mixin/]: FMLMixinPlatformAgent rejected container SecureJarResource(minecraft)
[10сент.2026 00:48:31.464] [main/DEBUG] [mixin/]: Processing prepare() for PlatformAgent[MixinPlatformAgentDefault:SecureJarResource(minecraft)]
[10сент.2026 00:48:31.465] [main/DEBUG] [mixin/]: Adding mixin platform agents for container SecureJarResource(hardcorerevival)
[10сент.2026 00:48:31.467] [main/DEBUG] [mixin/]: Instancing new MixinPlatformAgentMinecraftForge for SecureJarResource(hardcorerevival)
[10сент.2026 00:48:31.467] [main/DEBUG] [mixin/]: MixinPlatformAgentMinecraftForge rejected container SecureJarResource(hardcorerevival)
[10сент.2026 00:48:31.468] [main/DEBUG] [mixin/]: Instancing new MixinPlatformAgentDefault for SecureJarResource(hardcorerevival)
[10сент.2026 00:48:31.468] [main/DEBUG] [mixin/]: MixinPlatformAgentDefault accepted container SecureJarResource(hardcorerevival)
[10сент.2026 00:48:31.468] [main/DEBUG] [mixin/]: Instancing new FMLMixinPlatformAgent for SecureJarResource(hardcorerevival)
[10сент.2026 00:48:31.468] [main/DEBUG] [mixin/]: FMLMixinPlatformAgent rejected container SecureJarResource(hardcorerevival)
[10сент.2026 00:48:31.468] [main/DEBUG] [mixin/]: Processing prepare() for PlatformAgent[MixinPlatformAgentDefault:SecureJarResource(hardcorerevival)]
[10сент.2026 00:48:31.468] [main/DEBUG] [mixin/]: Registering mixin config: hardcorerevival.mixins.json source=SecureJarResource(hardcorerevival)
[10сент.2026 00:48:31.469] [main/DEBUG] [mixin/]: Registering mixin config: hardcorerevival.neoforge.mixins.json source=SecureJarResource(hardcorerevival)
[10сент.2026 00:48:31.469] [main/DEBUG] [mixin/]: Adding mixin platform agents for container SecureJarResource(kuma_api)
[10сент.2026 00:48:31.469] [main/DEBUG] [mixin/]: Instancing new MixinPlatformAgentMinecraftForge for SecureJarResource(kuma_api)
[10сент.2026 00:48:31.469] [main/DEBUG] [mixin/]: MixinPlatformAgentMinecraftForge rejected container SecureJarResource(kuma_api)
[10сент.2026 00:48:31.469] [main/DEBUG] [mixin/]: Instancing new MixinPlatformAgentDefault for SecureJarResource(kuma_api)
[10сент.2026 00:48:31.469] [main/DEBUG] [mixin/]: MixinPlatformAgentDefault accepted container SecureJarResource(kuma_api)
[10сент.2026 00:48:31.469] [main/DEBUG] [mixin/]: Instancing new FMLMixinPlatformAgent for SecureJarResource(kuma_api)
[10сент.2026 00:48:31.470] [main/DEBUG] [mixin/]: FMLMixinPlatformAgent rejected container SecureJarResource(kuma_api)
[10сент.2026 00:48:31.470] [main/DEBUG] [mixin/]: Processing prepare() for PlatformAgent[MixinPlatformAgentDefault:SecureJarResource(kuma_api)]
[10сент.2026 00:48:31.470] [main/DEBUG] [mixin/]: Registering mixin config: kuma_api.mixins.json source=SecureJarResource(kuma_api)
[10сент.2026 00:48:31.470] [main/DEBUG] [mixin/]: Registering mixin config: kuma_api.neoforge.mixins.json source=SecureJarResource(kuma_api)
[10сент.2026 00:48:31.470] [main/DEBUG] [mixin/]: Adding mixin platform agents for container SecureJarResource(balm)
[10сент.2026 00:48:31.470] [main/DEBUG] [mixin/]: Instancing new MixinPlatformAgentMinecraftForge for SecureJarResource(balm)
[10сент.2026 00:48:31.470] [main/DEBUG] [mixin/]: MixinPlatformAgentMinecraftForge rejected container SecureJarResource(balm)
[10сент.2026 00:48:31.470] [main/DEBUG] [mixin/]: Instancing new MixinPlatformAgentDefault for SecureJarResource(balm)
[10сент.2026 00:48:31.470] [main/DEBUG] [mixin/]: MixinPlatformAgentDefault accepted container SecureJarResource(balm)
[10сент.2026 00:48:31.471] [main/DEBUG] [mixin/]: Instancing new FMLMixinPlatformAgent for SecureJarResource(balm)
[10сент.2026 00:48:31.471] [main/DEBUG] [mixin/]: FMLMixinPlatformAgent rejected container SecureJarResource(balm)
[10сент.2026 00:48:31.471] [main/DEBUG] [mixin/]: Processing prepare() for PlatformAgent[MixinPlatformAgentDefault:SecureJarResource(balm)]
[10сент.2026 00:48:31.471] [main/DEBUG] [mixin/]: Registering mixin config: balm.mixins.json source=SecureJarResource(balm)
[10сент.2026 00:48:31.471] [main/DEBUG] [mixin/]: Registering mixin config: balm.neoforge.mixins.json source=SecureJarResource(balm)
[10сент.2026 00:48:31.471] [main/DEBUG] [mixin/]: Adding mixin platform agents for container SecureJarResource(albarevivaladdon)
[10сент.2026 00:48:31.471] [main/DEBUG] [mixin/]: Instancing new MixinPlatformAgentMinecraftForge for SecureJarResource(albarevivaladdon)
[10сент.2026 00:48:31.471] [main/DEBUG] [mixin/]: MixinPlatformAgentMinecraftForge rejected container SecureJarResource(albarevivaladdon)
[10сент.2026 00:48:31.471] [main/DEBUG] [mixin/]: Instancing new MixinPlatformAgentDefault for SecureJarResource(albarevivaladdon)
[10сент.2026 00:48:31.472] [main/DEBUG] [mixin/]: MixinPlatformAgentDefault accepted container SecureJarResource(albarevivaladdon)
[10сент.2026 00:48:31.472] [main/DEBUG] [mixin/]: Instancing new FMLMixinPlatformAgent for SecureJarResource(albarevivaladdon)
[10сент.2026 00:48:31.472] [main/DEBUG] [mixin/]: FMLMixinPlatformAgent rejected container SecureJarResource(albarevivaladdon)
[10сент.2026 00:48:31.473] [main/DEBUG] [mixin/]: Processing prepare() for PlatformAgent[MixinPlatformAgentDefault:SecureJarResource(albarevivaladdon)]
[10сент.2026 00:48:31.473] [main/DEBUG] [mixin/]: Adding mixin platform agents for container SecureJarResource(mixinextras.neoforge)
[10сент.2026 00:48:31.473] [main/DEBUG] [mixin/]: Instancing new MixinPlatformAgentMinecraftForge for SecureJarResource(mixinextras.neoforge)
[10сент.2026 00:48:31.473] [main/DEBUG] [mixin/]: MixinPlatformAgentMinecraftForge rejected container SecureJarResource(mixinextras.neoforge)
[10сент.2026 00:48:31.473] [main/DEBUG] [mixin/]: Instancing new MixinPlatformAgentDefault for SecureJarResource(mixinextras.neoforge)
[10сент.2026 00:48:31.473] [main/DEBUG] [mixin/]: MixinPlatformAgentDefault accepted container SecureJarResource(mixinextras.neoforge)
[10сент.2026 00:48:31.473] [main/DEBUG] [mixin/]: Instancing new FMLMixinPlatformAgent for SecureJarResource(mixinextras.neoforge)
[10сент.2026 00:48:31.473] [main/DEBUG] [mixin/]: FMLMixinPlatformAgent rejected container SecureJarResource(mixinextras.neoforge)
[10сент.2026 00:48:31.473] [main/DEBUG] [mixin/]: Processing prepare() for PlatformAgent[MixinPlatformAgentDefault:SecureJarResource(mixinextras.neoforge)]
[10сент.2026 00:48:31.473] [main/DEBUG] [mixin/]: Registering mixin config: mixinextras.init.mixins.json source=SecureJarResource(mixinextras.neoforge)
[10сент.2026 00:48:31.475] [main/DEBUG] [mixin/]: inject() running with 9 agents
[10сент.2026 00:48:31.475] [main/DEBUG] [mixin/]: Processing inject() for PlatformAgent[MixinPlatformAgentDefault:ModLauncher Root Container(ModLauncher:4f56a0a2)]
[10сент.2026 00:48:31.475] [main/DEBUG] [mixin/]: Processing inject() for PlatformAgent[MixinPlatformAgentDefault:net.neoforged.fml.loading.mixin.FMLMixinContainerHandle@6e57b5e9]
[10сент.2026 00:48:31.475] [main/DEBUG] [mixin/]: Processing inject() for PlatformAgent[FMLMixinPlatformAgent:null]
[10сент.2026 00:48:31.475] [main/DEBUG] [mixin/]: Processing inject() for PlatformAgent[MixinPlatformAgentDefault:SecureJarResource(mixin_synthetic)]
[10сент.2026 00:48:31.475] [main/DEBUG] [mixin/]: Processing inject() for PlatformAgent[MixinPlatformAgentDefault:SecureJarResource(minecraft)]
[10сент.2026 00:48:31.476] [main/DEBUG] [mixin/]: Processing inject() for PlatformAgent[MixinPlatformAgentDefault:SecureJarResource(hardcorerevival)]
[10сент.2026 00:48:31.476] [main/DEBUG] [mixin/]: Processing inject() for PlatformAgent[MixinPlatformAgentDefault:SecureJarResource(kuma_api)]
[10сент.2026 00:48:31.476] [main/DEBUG] [mixin/]: Processing inject() for PlatformAgent[MixinPlatformAgentDefault:SecureJarResource(balm)]
[10сент.2026 00:48:31.476] [main/DEBUG] [mixin/]: Processing inject() for PlatformAgent[MixinPlatformAgentDefault:SecureJarResource(albarevivaladdon)]
[10сент.2026 00:48:31.476] [main/DEBUG] [mixin/]: Processing inject() for PlatformAgent[MixinPlatformAgentDefault:SecureJarResource(mixinextras.neoforge)]
[10сент.2026 00:48:31.476] [main/INFO] [cpw.mods.modlauncher.LaunchServiceHandler/MODLAUNCHER]: Launching target 'forgeclientdev' with arguments [--version, 21.1.250, --gameDir, ., --assetsDir, C:\Users\Артем\.gradle\caches\neoformruntime\assets, --assetIndex, 17, --username, Dev2]
[10сент.2026 00:48:31.541] [main/DEBUG] [mixin/]: Preparing mixins for MixinEnvironment[DEFAULT]
[10сент.2026 00:48:31.546] [main/DEBUG] [mixin/]: Selecting config hardcorerevival.mixins.json
[10сент.2026 00:48:31.551] [main/WARN] [mixin/]: Reference map 'hardcorerevival.refmap.json' for hardcorerevival.mixins.json could not be read. If this is a development environment you can ignore this message
[10сент.2026 00:48:31.551] [main/DEBUG] [mixin/]: Selecting config hardcorerevival.neoforge.mixins.json
[10сент.2026 00:48:31.552] [main/WARN] [mixin/]: Reference map 'hardcorerevival.refmap.json' for hardcorerevival.neoforge.mixins.json could not be read. If this is a development environment you can ignore this message
[10сент.2026 00:48:31.552] [main/DEBUG] [mixin/]: Selecting config kuma_api.mixins.json
[10сент.2026 00:48:31.553] [main/WARN] [mixin/]: Reference map 'kuma_api.refmap.json' for kuma_api.mixins.json could not be read. If this is a development environment you can ignore this message
[10сент.2026 00:48:31.553] [main/DEBUG] [mixin/]: Selecting config kuma_api.neoforge.mixins.json
[10сент.2026 00:48:31.553] [main/DEBUG] [mixin/]: Selecting config neoforge.mixins.json
[10сент.2026 00:48:31.554] [main/DEBUG] [mixin/]: Selecting config balm.mixins.json
[10сент.2026 00:48:31.555] [main/WARN] [mixin/]: Reference map 'balm.refmap.json' for balm.mixins.json could not be read. If this is a development environment you can ignore this message
[10сент.2026 00:48:31.555] [main/DEBUG] [mixin/]: Selecting config balm.neoforge.mixins.json
[10сент.2026 00:48:31.556] [main/DEBUG] [mixin/]: Selecting config mixinextras.init.mixins.json
[10сент.2026 00:48:31.606] [main/DEBUG] [MixinExtras|Service/]: com.llamalad7.mixinextras.service.MixinExtrasServiceImpl(version=0.5.3) is taking over from null
[10сент.2026 00:48:31.635] [main/DEBUG] [mixin/]: Registering new injector for @Inject with org.spongepowered.asm.mixin.injection.struct.CallbackInjectionInfo
[10сент.2026 00:48:31.636] [main/DEBUG] [mixin/]: Registering new injector for @ModifyArg with org.spongepowered.asm.mixin.injection.struct.ModifyArgInjectionInfo
[10сент.2026 00:48:31.638] [main/DEBUG] [mixin/]: Registering new injector for @ModifyArgs with org.spongepowered.asm.mixin.injection.struct.ModifyArgsInjectionInfo
[10сент.2026 00:48:31.639] [main/DEBUG] [mixin/]: Registering new injector for @Redirect with org.spongepowered.asm.mixin.injection.struct.RedirectInjectionInfo
[10сент.2026 00:48:31.641] [main/DEBUG] [mixin/]: Registering new injector for @ModifyVariable with org.spongepowered.asm.mixin.injection.struct.ModifyVariableInjectionInfo
[10сент.2026 00:48:31.642] [main/DEBUG] [mixin/]: Registering new injector for @ModifyConstant with org.spongepowered.asm.mixin.injection.struct.ModifyConstantInjectionInfo
[10сент.2026 00:48:31.652] [main/DEBUG] [mixin/]: Preparing hardcorerevival.mixins.json (10)
[10сент.2026 00:48:31.874] [main/DEBUG] [mixin/]: Preparing hardcorerevival.neoforge.mixins.json (0)
[10сент.2026 00:48:31.875] [main/DEBUG] [mixin/]: Preparing kuma_api.mixins.json (1)
[10сент.2026 00:48:31.879] [main/DEBUG] [mixin/]: Preparing kuma_api.neoforge.mixins.json (0)
[10сент.2026 00:48:31.879] [main/DEBUG] [mixin/]: Preparing neoforge.mixins.json (2)
[10сент.2026 00:48:31.885] [main/DEBUG] [mixin/]: Preparing balm.mixins.json (3)
[10сент.2026 00:48:31.897] [main/DEBUG] [mixin/]: Preparing balm.neoforge.mixins.json (17)
[10сент.2026 00:48:31.962] [main/DEBUG] [mixin/]: Preparing mixinextras.init.mixins.json (0)
[10сент.2026 00:48:31.984] [main/DEBUG] [mixin/]: Prepared 33 mixins in 0,435 sec (13,2ms avg) (0ms load, 0ms transform, 0ms plugin)
[10сент.2026 00:48:32.007] [main/INFO] [MixinExtras|Service/]: Initializing MixinExtras via com.llamalad7.mixinextras.service.MixinExtrasServiceImpl(version=0.5.3).
[10сент.2026 00:48:32.008] [main/DEBUG] [mixin/]: Registering new injector for @SugarWrapper with com.llamalad7.mixinextras.sugar.impl.SugarWrapperInjectionInfo
[10сент.2026 00:48:32.009] [main/DEBUG] [mixin/]: Registering new injector for @FactoryRedirectWrapper with com.llamalad7.mixinextras.wrapper.factory.FactoryRedirectWrapperInjectionInfo
[10сент.2026 00:48:32.010] [main/DEBUG] [mixin/]: Registering new injector for @ExpressionInjectorWrapper with com.llamalad7.mixinextras.expression.impl.wrapper.ExpressionInjectorWrapperInjectionInfo
[10сент.2026 00:48:32.024] [main/DEBUG] [mixin/]: Mixing MinecraftMixin from balm.neoforge.mixins.json into net.minecraft.client.Minecraft
[10сент.2026 00:48:32.082] [main/DEBUG] [mixin/]: balm.neoforge.mixins.json:MinecraftMixin from mod balm->@Inject::run(Lorg/spongepowered/asm/mixin/injection/callback/CallbackInfo;)V doesn't use it's CallbackInfo
[10сент.2026 00:48:32.082] [main/DEBUG] [mixin/]: balm.neoforge.mixins.json:MinecraftMixin from mod balm->@Inject::run(Lorg/spongepowered/asm/mixin/injection/callback/CallbackInfo;)V has 0 override(s) in child classes
[10сент.2026 00:48:32.083] [main/DEBUG] [mixin/]: balm.neoforge.mixins.json:MinecraftMixin from mod balm->@Inject::run(Lorg/spongepowered/asm/mixin/injection/callback/CallbackInfo;)V won't be passed a CallbackInfo as a result
[10сент.2026 00:48:32.302] [main/DEBUG] [io.netty.util.internal.logging.InternalLoggerFactory/]: Using SLF4J as the default logging framework
[10сент.2026 00:48:32.314] [main/DEBUG] [io.netty.util.ResourceLeakDetector/]: -Dio.netty.leakDetection.level: simple
[10сент.2026 00:48:32.314] [main/DEBUG] [io.netty.util.ResourceLeakDetector/]: -Dio.netty.leakDetection.targetRecords: 4
[10сент.2026 00:48:33.294] [main/DEBUG] [oshi.util.FileUtil/]: No oshi.properties file found from ClassLoader cpw.mods.modlauncher.TransformingClassLoader@3f4b840d
[10сент.2026 00:48:33.706] [main/DEBUG] [oshi.util.FileUtil/]: No oshi.architecture.properties file found from ClassLoader cpw.mods.modlauncher.TransformingClassLoader@3f4b840d
[10сент.2026 00:48:33.789] [Datafixer Bootstrap/INFO] [com.mojang.datafixers.DataFixerBuilder/]: 229 Datafixer optimizations took 533 milliseconds
[10сент.2026 00:48:33.824] [pool-10-thread-1/DEBUG] [mixin/]: Mixing MappedRegistryAccessor from neoforge.mixins.json into net.minecraft.core.MappedRegistry
[10сент.2026 00:48:33.961] [pool-10-thread-1/DEBUG] [mixin/]: Mixing EntityMixin from hardcorerevival.mixins.json into net.minecraft.world.entity.Entity
[10сент.2026 00:48:33.963] [pool-10-thread-1/DEBUG] [mixin/]: hardcorerevival.mixins.json:EntityMixin from mod hardcorerevival: Class version 65 required is higher than the class version supported by the current version of Mixin (JAVA_17 supports class version 61)
[10сент.2026 00:48:33.967] [pool-10-thread-1/DEBUG] [mixin/]: Mixing EntityMixin from balm.neoforge.mixins.json into net.minecraft.world.entity.Entity
[10сент.2026 00:48:33.996] [pool-10-thread-1/DEBUG] [mixin/]: hardcorerevival.mixins.json:EntityMixin from mod hardcorerevival->@Inject::fireImmune(Lorg/spongepowered/asm/mixin/injection/callback/CallbackInfoReturnable;)V does use it's CallbackInfoReturnable
[10сент.2026 00:48:33.996] [pool-10-thread-1/DEBUG] [mixin/]: balm.neoforge.mixins.json:EntityMixin from mod balm->@Inject::load(Lnet/minecraft/nbt/CompoundTag;Lorg/spongepowered/asm/mixin/injection/callback/CallbackInfo;)V doesn't use it's CallbackInfo
[10сент.2026 00:48:33.997] [pool-10-thread-1/DEBUG] [mixin/]: balm.neoforge.mixins.json:EntityMixin from mod balm->@Inject::load(Lnet/minecraft/nbt/CompoundTag;Lorg/spongepowered/asm/mixin/injection/callback/CallbackInfo;)V has 0 override(s) in child classes
[10сент.2026 00:48:33.997] [pool-10-thread-1/DEBUG] [mixin/]: balm.neoforge.mixins.json:EntityMixin from mod balm->@Inject::load(Lnet/minecraft/nbt/CompoundTag;Lorg/spongepowered/asm/mixin/injection/callback/CallbackInfo;)V won't be passed a CallbackInfo as a result
[10сент.2026 00:48:34.032] [pool-10-thread-1/DEBUG] [mixin/]: Mixing PlayerAccessor from hardcorerevival.mixins.json into net.minecraft.world.entity.player.Player
[10сент.2026 00:48:34.033] [pool-10-thread-1/DEBUG] [mixin/]: hardcorerevival.mixins.json:PlayerAccessor from mod hardcorerevival: Class version 65 required is higher than the class version supported by the current version of Mixin (JAVA_17 supports class version 61)
[10сент.2026 00:48:34.033] [pool-10-thread-1/DEBUG] [mixin/]: Mixing PlayerMixin from hardcorerevival.mixins.json into net.minecraft.world.entity.player.Player
[10сент.2026 00:48:34.034] [pool-10-thread-1/DEBUG] [mixin/]: hardcorerevival.mixins.json:PlayerMixin from mod hardcorerevival: Class version 65 required is higher than the class version supported by the current version of Mixin (JAVA_17 supports class version 61)
[10сент.2026 00:48:34.055] [pool-10-thread-1/DEBUG] [mixin/]: hardcorerevival.mixins.json:PlayerMixin from mod hardcorerevival->@Inject::cancelJump(Lorg/spongepowered/asm/mixin/injection/callback/CallbackInfo;)V does use it's CallbackInfo
[10сент.2026 00:48:34.055] [pool-10-thread-1/DEBUG] [mixin/]: hardcorerevival.mixins.json:PlayerMixin from mod hardcorerevival->@Inject::isHurt(Lorg/spongepowered/asm/mixin/injection/callback/CallbackInfoReturnable;)V does use it's CallbackInfoReturnable
[10сент.2026 00:48:34.080] [pool-10-thread-1/DEBUG] [mixin/]: Mixing LivingEntityAccessor from hardcorerevival.mixins.json into net.minecraft.world.entity.LivingEntity
[10сент.2026 00:48:34.080] [pool-10-thread-1/DEBUG] [mixin/]: hardcorerevival.mixins.json:LivingEntityAccessor from mod hardcorerevival: Class version 65 required is higher than the class version supported by the current version of Mixin (JAVA_17 supports class version 61)
[10сент.2026 00:48:34.081] [pool-10-thread-1/DEBUG] [mixin/]: Mixing LivingEntityMixin from hardcorerevival.mixins.json into net.minecraft.world.entity.LivingEntity
[10сент.2026 00:48:34.081] [pool-10-thread-1/DEBUG] [mixin/]: hardcorerevival.mixins.json:LivingEntityMixin from mod hardcorerevival: Class version 65 required is higher than the class version supported by the current version of Mixin (JAVA_17 supports class version 61)
[10сент.2026 00:48:34.091] [pool-10-thread-1/DEBUG] [mixin/]: hardcorerevival.mixins.json:LivingEntityMixin from mod hardcorerevival->@Inject::isImmobile(Lorg/spongepowered/asm/mixin/injection/callback/CallbackInfoReturnable;)V does use it's CallbackInfoReturnable
[10сент.2026 00:48:34.092] [pool-10-thread-1/DEBUG] [mixin/]: hardcorerevival.mixins.json:LivingEntityMixin from mod hardcorerevival->@Inject::canBeSeenAsEnemy(Lorg/spongepowered/asm/mixin/injection/callback/CallbackInfoReturnable;)V does use it's CallbackInfoReturnable
[10сент.2026 00:48:34.092] [pool-10-thread-1/DEBUG] [mixin/]: hardcorerevival.mixins.json:LivingEntityMixin from mod hardcorerevival->@Inject::canAttack(Lnet/minecraft/world/entity/LivingEntity;Lorg/spongepowered/asm/mixin/injection/callback/CallbackInfoReturnable;)V does use it's CallbackInfoReturnable
[10сент.2026 00:48:34.440] [pool-10-thread-1/DEBUG] [mixin/]: Mixing CropBlockMixin from balm.neoforge.mixins.json into net.minecraft.world.level.block.CropBlock
[10сент.2026 00:48:34.459] [pool-10-thread-1/DEBUG] [mixin/]: balm.neoforge.mixins.json:CropBlockMixin from mod balm->@Inject::mayPlaceOn(Lnet/minecraft/world/level/block/state/BlockState;Lnet/minecraft/world/level/BlockGetter;Lnet/minecraft/core/BlockPos;Lorg/spongepowered/asm/mixin/injection/callback/CallbackInfoReturnable;)V does use it's CallbackInfoReturnable
[10сент.2026 00:48:34.500] [pool-10-thread-1/DEBUG] [mixin/]: Mixing StemBlockMixin from balm.neoforge.mixins.json into net.minecraft.world.level.block.StemBlock
[10сент.2026 00:48:34.519] [pool-10-thread-1/DEBUG] [mixin/]: balm.neoforge.mixins.json:StemBlockMixin from mod balm->@Inject::mayPlaceOn(Lnet/minecraft/world/level/block/state/BlockState;Lnet/minecraft/world/level/BlockGetter;Lnet/minecraft/core/BlockPos;Lorg/spongepowered/asm/mixin/injection/callback/CallbackInfoReturnable;)V does use it's CallbackInfoReturnable
[10сент.2026 00:48:35.409] [pool-10-thread-1/DEBUG] [mixin/]: Mixing BlockEntityTypeAccessor from neoforge.mixins.json into net.minecraft.world.level.block.entity.BlockEntityType
[10сент.2026 00:48:36.211] [pool-10-thread-1/DEBUG] [mixin/]: Mixing ServerPlayerAccessor from hardcorerevival.mixins.json into net.minecraft.server.level.ServerPlayer
[10сент.2026 00:48:36.211] [pool-10-thread-1/DEBUG] [mixin/]: hardcorerevival.mixins.json:ServerPlayerAccessor from mod hardcorerevival: Class version 65 required is higher than the class version supported by the current version of Mixin (JAVA_17 supports class version 61)
[10сент.2026 00:48:36.211] [pool-10-thread-1/DEBUG] [mixin/]: Mixing ServerPlayerMixin from hardcorerevival.mixins.json into net.minecraft.server.level.ServerPlayer
[10сент.2026 00:48:36.212] [pool-10-thread-1/DEBUG] [mixin/]: hardcorerevival.mixins.json:ServerPlayerMixin from mod hardcorerevival: Class version 65 required is higher than the class version supported by the current version of Mixin (JAVA_17 supports class version 61)
[10сент.2026 00:48:36.219] [pool-10-thread-1/DEBUG] [mixin/]: hardcorerevival.mixins.json:ServerPlayerMixin from mod hardcorerevival->@Inject::cancelTeleportTo(Lnet/minecraft/server/level/ServerLevel;DDDLjava/util/Set;FFLorg/spongepowered/asm/mixin/injection/callback/CallbackInfoReturnable;)V does use it's CallbackInfoReturnable
[10сент.2026 00:48:36.906] [pool-10-thread-1/DEBUG] [io.netty.util.internal.PlatformDependent0/]: -Dio.netty.noUnsafe: false
[10сент.2026 00:48:36.907] [pool-10-thread-1/DEBUG] [io.netty.util.internal.PlatformDependent0/]: Java version: 21
[10сент.2026 00:48:36.907] [pool-10-thread-1/DEBUG] [io.netty.util.internal.PlatformDependent0/]: sun.misc.Unsafe.theUnsafe: available
[10сент.2026 00:48:36.907] [pool-10-thread-1/DEBUG] [io.netty.util.internal.PlatformDependent0/]: sun.misc.Unsafe.copyMemory: available
[10сент.2026 00:48:36.907] [pool-10-thread-1/DEBUG] [io.netty.util.internal.PlatformDependent0/]: sun.misc.Unsafe.storeFence: available
[10сент.2026 00:48:36.908] [pool-10-thread-1/DEBUG] [io.netty.util.internal.PlatformDependent0/]: java.nio.Buffer.address: available
[10сент.2026 00:48:36.908] [pool-10-thread-1/DEBUG] [io.netty.util.internal.PlatformDependent0/]: direct buffer constructor: unavailable: Reflective setAccessible(true) disabled
[10сент.2026 00:48:36.908] [pool-10-thread-1/DEBUG] [io.netty.util.internal.PlatformDependent0/]: java.nio.Bits.unaligned: available, true
[10сент.2026 00:48:36.909] [pool-10-thread-1/DEBUG] [io.netty.util.internal.PlatformDependent0/]: jdk.internal.misc.Unsafe.allocateUninitializedArray(int): unavailable: class io.netty.util.internal.PlatformDependent0$7 (in module io.netty.common) cannot access class jdk.internal.misc.Unsafe (in module java.base) because module java.base does not export jdk.internal.misc to module io.netty.common
[10сент.2026 00:48:36.909] [pool-10-thread-1/DEBUG] [io.netty.util.internal.PlatformDependent0/]: java.nio.DirectByteBuffer.<init>(long, {int,long}): unavailable
[10сент.2026 00:48:36.909] [pool-10-thread-1/DEBUG] [io.netty.util.internal.PlatformDependent/]: sun.misc.Unsafe: available
[10сент.2026 00:48:36.910] [pool-10-thread-1/DEBUG] [io.netty.util.internal.PlatformDependent/]: maxDirectMemory: 8552185856 bytes (maybe)
[10сент.2026 00:48:36.910] [pool-10-thread-1/DEBUG] [io.netty.util.internal.PlatformDependent/]: -Dio.netty.tmpdir: C:\Users\328F~1\AppData\Local\Temp (java.io.tmpdir)
[10сент.2026 00:48:36.910] [pool-10-thread-1/DEBUG] [io.netty.util.internal.PlatformDependent/]: -Dio.netty.bitMode: 64 (sun.arch.data.model)
[10сент.2026 00:48:36.910] [pool-10-thread-1/DEBUG] [io.netty.util.internal.PlatformDependent/]: Platform: Windows
[10сент.2026 00:48:36.911] [pool-10-thread-1/DEBUG] [io.netty.util.internal.PlatformDependent/]: -Dio.netty.maxDirectMemory: -1 bytes
[10сент.2026 00:48:36.911] [pool-10-thread-1/DEBUG] [io.netty.util.internal.PlatformDependent/]: -Dio.netty.uninitializedArrayAllocationThreshold: -1
[10сент.2026 00:48:36.913] [pool-10-thread-1/DEBUG] [io.netty.util.internal.CleanerJava9/]: java.nio.ByteBuffer.cleaner(): available
[10сент.2026 00:48:36.913] [pool-10-thread-1/DEBUG] [io.netty.util.internal.PlatformDependent/]: -Dio.netty.noPreferDirect: false
[10сент.2026 00:48:37.237] [pool-10-thread-1/DEBUG] [mixin/]: Mixing ThrownEnderpearlMixin from hardcorerevival.mixins.json into net.minecraft.world.entity.projectile.ThrownEnderpearl
[10сент.2026 00:48:37.240] [pool-10-thread-1/DEBUG] [mixin/]: hardcorerevival.mixins.json:ThrownEnderpearlMixin from mod hardcorerevival: Class version 65 required is higher than the class version supported by the current version of Mixin (JAVA_17 supports class version 61)
[10сент.2026 00:48:37.244] [pool-10-thread-1/DEBUG] [mixin/]: hardcorerevival.mixins.json:ThrownEnderpearlMixin from mod hardcorerevival->@Inject::tick(Lorg/spongepowered/asm/mixin/injection/callback/CallbackInfo;)V does use it's CallbackInfo
[10сент.2026 00:48:37.855] [pool-10-thread-1/DEBUG] [mixin/]: Mixing SlotAccessor from balm.neoforge.mixins.json into net.minecraft.world.inventory.Slot
[10сент.2026 00:48:38.016] [pool-10-thread-1/DEBUG] [mixin/]: Mixing LootTableMixin from balm.neoforge.mixins.json into net.minecraft.world.level.storage.loot.LootTable
[10сент.2026 00:48:38.021] [pool-10-thread-1/DEBUG] [mixin/]: balm.neoforge.mixins.json:LootTableMixin from mod balm->@Inject::getRandomItems(Lnet/minecraft/world/level/storage/loot/LootContext;Lorg/spongepowered/asm/mixin/injection/callback/CallbackInfoReturnable;)V does use it's CallbackInfoReturnable
[10сент.2026 00:48:38.602] [main/DEBUG] [mixin/]: Mixing MinecraftServerMixin from balm.neoforge.mixins.json into net.minecraft.server.MinecraftServer
[10сент.2026 00:48:38.602] [main/DEBUG] [mixin/]: Renaming synthetic method lambda$reloadResources$0(Ljava/lang/Void;)V to md8d775d$balm$lambda$reloadResources$0$0 in balm.neoforge.mixins.json:MinecraftServerMixin from mod balm
[10сент.2026 00:48:38.608] [main/DEBUG] [mixin/]: balm.neoforge.mixins.json:MinecraftServerMixin from mod balm->@Inject::reloadResources(Ljava/util/Collection;Lorg/spongepowered/asm/mixin/injection/callback/CallbackInfoReturnable;)V does use it's CallbackInfoReturnable
[10сент.2026 00:48:39.121] [main/WARN] [net.minecraft.commands.Commands/]: Ambiguity between arguments [teleport, location] and [teleport, destination] with inputs: [0.1 -0.5 .9, 0 0 0]
[10сент.2026 00:48:39.122] [main/WARN] [net.minecraft.commands.Commands/]: Ambiguity between arguments [teleport, location] and [teleport, targets] with inputs: [0.1 -0.5 .9, 0 0 0]
[10сент.2026 00:48:39.125] [main/WARN] [net.minecraft.commands.Commands/]: Ambiguity between arguments [teleport, destination] and [teleport, targets] with inputs: [Player, 0123, @e, dd12be42-52a9-4a91-a8a1-11c01849e498]
[10сент.2026 00:48:39.126] [main/WARN] [net.minecraft.commands.Commands/]: Ambiguity between arguments [teleport, targets] and [teleport, destination] with inputs: [Player, 0123, dd12be42-52a9-4a91-a8a1-11c01849e498]
[10сент.2026 00:48:39.127] [main/WARN] [net.minecraft.commands.Commands/]: Ambiguity between arguments [teleport, targets, location] and [teleport, targets, destination] with inputs: [0.1 -0.5 .9, 0 0 0]
[10сент.2026 00:48:39.151] [Render thread/DEBUG] [mixin/]: Mixing ScreenAccessor from balm.neoforge.mixins.json into net.minecraft.client.gui.screens.Screen
[10сент.2026 00:48:39.165] [Render thread/DEBUG] [mixin/]: Mixing LocalPlayerMixin from hardcorerevival.mixins.json into net.minecraft.client.player.LocalPlayer
[10сент.2026 00:48:39.165] [Render thread/DEBUG] [mixin/]: hardcorerevival.mixins.json:LocalPlayerMixin from mod hardcorerevival: Class version 65 required is higher than the class version supported by the current version of Mixin (JAVA_17 supports class version 61)
[10сент.2026 00:48:39.170] [Render thread/DEBUG] [mixin/]: hardcorerevival.mixins.json:LocalPlayerMixin from mod hardcorerevival->@Inject::drop(ZLorg/spongepowered/asm/mixin/injection/callback/CallbackInfoReturnable;)V does use it's CallbackInfoReturnable
[10сент.2026 00:48:39.180] [Render thread/DEBUG] [mixin/]: Mixing AbstractContainerScreenAccessor from balm.neoforge.mixins.json into net.minecraft.client.gui.screens.inventory.AbstractContainerScreen
[10сент.2026 00:48:39.241] [Render thread/WARN] [net.minecraft.server.packs.VanillaPackResourcesBuilder/]: Assets URL 'union:/E:/college_minecraft_server/_CustomMods/RevivalAddon/build/moddev/artifacts/neoforge-21.1.250.jar%23189!/assets/.mcassetsroot' uses unexpected schema
[10сент.2026 00:48:39.241] [Render thread/WARN] [net.minecraft.server.packs.VanillaPackResourcesBuilder/]: Assets URL 'union:/E:/college_minecraft_server/_CustomMods/RevivalAddon/build/moddev/artifacts/neoforge-21.1.250.jar%23189!/data/.mcassetsroot' uses unexpected schema
[10сент.2026 00:48:39.264] [Render thread/INFO] [com.mojang.authlib.yggdrasil.YggdrasilAuthenticationService/]: Environment: Environment[sessionHost=https://sessionserver.mojang.com, servicesHost=https://api.minecraftservices.com, name=PROD]
[10сент.2026 00:48:39.274] [Render thread/INFO] [net.minecraft.client.Minecraft/]: Setting user: Dev2
[10сент.2026 00:48:39.275] [Render thread/DEBUG] [mixin/]: Mixing KeyMappingAccessor from kuma_api.mixins.json into net.minecraft.client.KeyMapping
[10сент.2026 00:48:39.275] [Render thread/DEBUG] [mixin/]: kuma_api.mixins.json:KeyMappingAccessor from mod kuma_api: Class version 65 required is higher than the class version supported by the current version of Mixin (JAVA_17 supports class version 61)
[10сент.2026 00:48:39.275] [Render thread/DEBUG] [mixin/]: Mixing KeyMappingAccessor from balm.neoforge.mixins.json into net.minecraft.client.KeyMapping
[10сент.2026 00:48:39.276] [Render thread/DEBUG] [mixin/]: Unexpected: Registered method getKey()Lcom/mojang/blaze3d/platform/InputConstants$Key; in net.minecraft.client.KeyMapping was not merged
[10сент.2026 00:48:39.352] [Render thread/INFO] [net.minecraft.client.Minecraft/]: Backend library: LWJGL version 3.3.3+5
[10сент.2026 00:48:39.424] [Render thread/DEBUG] [mixin/]: Mixing MouseHandlerAccessor from balm.neoforge.mixins.json into net.minecraft.client.MouseHandler
[10сент.2026 00:48:39.505] [Render thread/DEBUG] [net.neoforged.fml.ModWorkManager/LOADING]: Using 12 threads for parallel mod-loading
[10сент.2026 00:48:39.519] [Render thread/DEBUG] [net.neoforged.fml.javafmlmod.FMLModContainer/LOADING]: Creating FMLModContainer instance for [net.blay09.mods.hardcorerevival.NeoForgeHardcoreRevival, net.blay09.mods.hardcorerevival.client.NeoForgeHardcoreRevivalClient]
[10сент.2026 00:48:39.521] [Render thread/DEBUG] [net.neoforged.fml.javafmlmod.FMLModContainer/LOADING]: Creating FMLModContainer instance for [net.blay09.mods.kuma.neoforge.NeoForgeKumaAPI]
[10сент.2026 00:48:39.522] [Render thread/DEBUG] [net.neoforged.fml.javafmlmod.FMLModContainer/LOADING]: Creating FMLModContainer instance for [net.neoforged.neoforge.common.NeoForgeMod, net.neoforged.neoforge.client.ClientNeoForgeMod]
[10сент.2026 00:48:39.524] [Render thread/DEBUG] [net.neoforged.fml.javafmlmod.FMLModContainer/LOADING]: Creating FMLModContainer instance for [net.blay09.mods.balm.neoforge.NeoForgeBalm, net.blay09.mods.balm.neoforge.client.NeoForgeBalmClient]
[10сент.2026 00:48:39.525] [Render thread/DEBUG] [net.neoforged.fml.javafmlmod.FMLModContainer/LOADING]: Creating FMLModContainer instance for [com.oathbreaker.albarevivaladdon.RevivalAddon, com.oathbreaker.albarevivaladdon.RevivalAddonClient]
[10сент.2026 00:48:39.557] [modloading-worker-0/DEBUG] [net.neoforged.fml.javafmlmod.AutomaticEventSubscriber/LOADING]: Attempting to inject @EventBusSubscriber classes into the eventbus for kuma_api
[10сент.2026 00:48:39.563] [modloading-worker-0/DEBUG] [net.neoforged.neoforge.internal.versions.neoforge.NeoForgeVersion/CORE]: Found NeoForge version 21.1.250
[10сент.2026 00:48:39.563] [modloading-worker-0/DEBUG] [net.neoforged.neoforge.internal.versions.neoforge.NeoForgeVersion/CORE]: Found FML version 4.0.44
[10сент.2026 00:48:39.563] [modloading-worker-0/INFO] [net.neoforged.neoforge.common.NeoForgeMod/NEOFORGE-MOD]: NeoForge mod loading, version 21.1.250, for MC 1.21.1
[10сент.2026 00:48:39.582] [modloading-worker-0/DEBUG] [net.neoforged.fml.config.ConfigTracker/CONFIG]: Config file neoforge-client.toml for neoforge tracking
[10сент.2026 00:48:39.583] [modloading-worker-0/DEBUG] [net.neoforged.fml.config.ConfigTracker/CONFIG]: Config file neoforge-server.toml for neoforge tracking
[10сент.2026 00:48:39.583] [modloading-worker-0/DEBUG] [net.neoforged.fml.config.ConfigTracker/CONFIG]: Config file neoforge-common.toml for neoforge tracking
[10сент.2026 00:48:39.627] [modloading-worker-0/INFO] [net.blay09.mods.balm.neoforge.config.NeoForgeBalmConfig/]: Registering config for hardcorerevival:common (COMMON) with 24 properties.
[10сент.2026 00:48:39.627] [modloading-worker-0/DEBUG] [net.neoforged.fml.config.ConfigTracker/CONFIG]: Config file hardcorerevival-common.toml for hardcorerevival tracking
[10сент.2026 00:48:39.640] [modloading-worker-0/DEBUG] [net.neoforged.fml.javafmlmod.AutomaticEventSubscriber/LOADING]: Attempting to inject @EventBusSubscriber classes into the eventbus for neoforge
[10сент.2026 00:48:39.642] [modloading-worker-0/DEBUG] [net.neoforged.fml.javafmlmod.AutomaticEventSubscriber/LOADING]: Scanning class net.neoforged.neoforge.server.command.ConfigCommand for @SubscribeEvent-annotated methods
[10сент.2026 00:48:39.642] [modloading-worker-0/DEBUG] [net.neoforged.fml.javafmlmod.AutomaticEventSubscriber/]: Subscribing @EventBusSubscriber class Lnet/neoforged/neoforge/server/command/ConfigCommand; to the game event bus
[10сент.2026 00:48:39.643] [modloading-worker-0/DEBUG] [net.neoforged.fml.javafmlmod.AutomaticEventSubscriber/LOADING]: Scanning class net.neoforged.neoforge.network.filters.GenericPacketSplitter for @SubscribeEvent-annotated methods
[10сент.2026 00:48:39.663] [modloading-worker-0/DEBUG] [net.neoforged.fml.javafmlmod.AutomaticEventSubscriber/LOADING]: Attempting to inject @EventBusSubscriber classes into the eventbus for balm
[10сент.2026 00:48:39.665] [modloading-worker-0/DEBUG] [io.netty.buffer.AbstractByteBuf/]: -Dio.netty.buffer.checkAccessible: true
[10сент.2026 00:48:39.666] [modloading-worker-0/DEBUG] [io.netty.buffer.AbstractByteBuf/]: -Dio.netty.buffer.checkBounds: true
[10сент.2026 00:48:39.666] [modloading-worker-0/DEBUG] [io.netty.util.ResourceLeakDetectorFactory/]: Loaded default ResourceLeakDetector: io.netty.util.ResourceLeakDetector@5e25add5
[10сент.2026 00:48:39.667] [modloading-worker-0/DEBUG] [net.neoforged.fml.javafmlmod.AutomaticEventSubscriber/LOADING]: Attempting to inject @EventBusSubscriber classes into the eventbus for hardcorerevival
[10сент.2026 00:48:39.672] [modloading-worker-0/DEBUG] [io.netty.util.internal.InternalThreadLocalMap/]: -Dio.netty.threadLocalMap.stringBuilder.initialSize: 1024
[10сент.2026 00:48:39.673] [modloading-worker-0/DEBUG] [io.netty.util.internal.InternalThreadLocalMap/]: -Dio.netty.threadLocalMap.stringBuilder.maxSize: 4096
[10сент.2026 00:48:39.673] [modloading-worker-0/DEBUG] [net.neoforged.fml.config.ConfigTracker/CONFIG]: Config file albarevivaladdon-common.toml for albarevivaladdon tracking
[10сент.2026 00:48:39.674] [modloading-worker-0/DEBUG] [net.neoforged.fml.javafmlmod.AutomaticEventSubscriber/LOADING]: Attempting to inject @EventBusSubscriber classes into the eventbus for albarevivaladdon
[10сент.2026 00:48:39.674] [modloading-worker-0/DEBUG] [net.neoforged.fml.javafmlmod.AutomaticEventSubscriber/LOADING]: Scanning class com.oathbreaker.albarevivaladdon.RevivalAddonClient for @SubscribeEvent-annotated methods
[10сент.2026 00:48:39.674] [modloading-worker-0/DEBUG] [net.neoforged.fml.javafmlmod.AutomaticEventSubscriber/]: Subscribing @EventBusSubscriber class Lcom/oathbreaker/albarevivaladdon/RevivalAddonClient; to the mod event bus of mod albarevivaladdon
[10сент.2026 00:48:39.675] [modloading-worker-0/DEBUG] [io.netty.buffer.PooledByteBufAllocator/]: -Dio.netty.allocator.numHeapArenas: 24
[10сент.2026 00:48:39.675] [modloading-worker-0/DEBUG] [io.netty.buffer.PooledByteBufAllocator/]: -Dio.netty.allocator.numDirectArenas: 24
[10сент.2026 00:48:39.675] [modloading-worker-0/DEBUG] [io.netty.buffer.PooledByteBufAllocator/]: -Dio.netty.allocator.pageSize: 8192
[10сент.2026 00:48:39.675] [modloading-worker-0/DEBUG] [io.netty.buffer.PooledByteBufAllocator/]: -Dio.netty.allocator.maxOrder: 9
[10сент.2026 00:48:39.675] [modloading-worker-0/DEBUG] [io.netty.buffer.PooledByteBufAllocator/]: -Dio.netty.allocator.chunkSize: 4194304
[10сент.2026 00:48:39.675] [modloading-worker-0/DEBUG] [io.netty.buffer.PooledByteBufAllocator/]: -Dio.netty.allocator.smallCacheSize: 256
[10сент.2026 00:48:39.675] [modloading-worker-0/DEBUG] [io.netty.buffer.PooledByteBufAllocator/]: -Dio.netty.allocator.normalCacheSize: 64
[10сент.2026 00:48:39.675] [modloading-worker-0/DEBUG] [io.netty.buffer.PooledByteBufAllocator/]: -Dio.netty.allocator.maxCachedBufferCapacity: 32768
[10сент.2026 00:48:39.675] [modloading-worker-0/DEBUG] [io.netty.buffer.PooledByteBufAllocator/]: -Dio.netty.allocator.cacheTrimInterval: 8192
[10сент.2026 00:48:39.675] [modloading-worker-0/DEBUG] [io.netty.buffer.PooledByteBufAllocator/]: -Dio.netty.allocator.cacheTrimIntervalMillis: 0
[10сент.2026 00:48:39.675] [modloading-worker-0/DEBUG] [io.netty.buffer.PooledByteBufAllocator/]: -Dio.netty.allocator.useCacheForAllThreads: false
[10сент.2026 00:48:39.675] [modloading-worker-0/DEBUG] [io.netty.buffer.PooledByteBufAllocator/]: -Dio.netty.allocator.maxCachedByteBuffersPerChunk: 1023
[10сент.2026 00:48:39.681] [modloading-worker-0/DEBUG] [io.netty.buffer.ByteBufUtil/]: -Dio.netty.allocator.type: pooled
[10сент.2026 00:48:39.681] [modloading-worker-0/DEBUG] [io.netty.buffer.ByteBufUtil/]: -Dio.netty.threadLocalDirectBufferSize: 0
[10сент.2026 00:48:39.681] [modloading-worker-0/DEBUG] [io.netty.buffer.ByteBufUtil/]: -Dio.netty.maxThreadLocalCharBufferSize: 16384
[10сент.2026 00:48:39.687] [modloading-worker-0/DEBUG] [net.neoforged.fml.javafmlmod.AutomaticEventSubscriber/]: Subscribing @EventBusSubscriber class Lnet/neoforged/neoforge/network/filters/GenericPacketSplitter; to the mod event bus of mod neoforge
[10сент.2026 00:48:39.689] [modloading-worker-0/DEBUG] [net.neoforged.fml.javafmlmod.AutomaticEventSubscriber/LOADING]: Scanning class net.neoforged.neoforge.network.NetworkInitialization for @SubscribeEvent-annotated methods
[10сент.2026 00:48:39.689] [modloading-worker-0/DEBUG] [net.neoforged.fml.javafmlmod.AutomaticEventSubscriber/]: Subscribing @EventBusSubscriber class Lnet/neoforged/neoforge/network/NetworkInitialization; to the mod event bus of mod neoforge
[10сент.2026 00:48:39.690] [modloading-worker-0/DEBUG] [net.neoforged.fml.javafmlmod.AutomaticEventSubscriber/LOADING]: Scanning class net.neoforged.neoforge.network.ConfigurationInitialization for @SubscribeEvent-annotated methods
[10сент.2026 00:48:39.692] [modloading-worker-0/DEBUG] [net.neoforged.fml.javafmlmod.AutomaticEventSubscriber/]: Subscribing @EventBusSubscriber class Lnet/neoforged/neoforge/network/ConfigurationInitialization; to the mod event bus of mod neoforge
[10сент.2026 00:48:39.692] [modloading-worker-0/DEBUG] [net.neoforged.fml.javafmlmod.AutomaticEventSubscriber/LOADING]: Scanning class net.neoforged.neoforge.common.MonsterRoomHooks for @SubscribeEvent-annotated methods
[10сент.2026 00:48:39.693] [modloading-worker-0/DEBUG] [net.neoforged.fml.javafmlmod.AutomaticEventSubscriber/]: Subscribing @EventBusSubscriber class Lnet/neoforged/neoforge/common/MonsterRoomHooks; to the game event bus
[10сент.2026 00:48:39.693] [modloading-worker-0/DEBUG] [net.neoforged.fml.javafmlmod.AutomaticEventSubscriber/LOADING]: Scanning class net.neoforged.neoforge.common.DeferredSpawnEggItem$CommonHandler for @SubscribeEvent-annotated methods
[10сент.2026 00:48:39.694] [modloading-worker-0/DEBUG] [net.neoforged.fml.javafmlmod.AutomaticEventSubscriber/]: Subscribing @EventBusSubscriber class Lnet/neoforged/neoforge/common/DeferredSpawnEggItem$CommonHandler; to the mod event bus of mod neoforge
[10сент.2026 00:48:39.694] [modloading-worker-0/DEBUG] [net.neoforged.fml.javafmlmod.AutomaticEventSubscriber/LOADING]: Scanning class net.neoforged.neoforge.common.DeferredSpawnEggItem$ColorRegisterHandler for @SubscribeEvent-annotated methods
[10сент.2026 00:48:39.695] [modloading-worker-0/DEBUG] [net.neoforged.fml.javafmlmod.AutomaticEventSubscriber/]: Subscribing @EventBusSubscriber class Lnet/neoforged/neoforge/common/DeferredSpawnEggItem$ColorRegisterHandler; to the mod event bus of mod neoforge
[10сент.2026 00:48:39.696] [modloading-worker-0/DEBUG] [net.neoforged.fml.javafmlmod.AutomaticEventSubscriber/LOADING]: Scanning class net.neoforged.neoforge.client.model.data.ModelDataManager for @SubscribeEvent-annotated methods
[10сент.2026 00:48:39.697] [modloading-worker-0/DEBUG] [net.neoforged.fml.javafmlmod.AutomaticEventSubscriber/]: Subscribing @EventBusSubscriber class Lnet/neoforged/neoforge/client/model/data/ModelDataManager; to the game event bus
[10сент.2026 00:48:39.698] [modloading-worker-0/DEBUG] [net.neoforged.fml.javafmlmod.AutomaticEventSubscriber/LOADING]: Scanning class net.neoforged.neoforge.client.ParticleBoundsDebugRenderer for @SubscribeEvent-annotated methods
[10сент.2026 00:48:39.700] [modloading-worker-0/DEBUG] [net.neoforged.fml.javafmlmod.AutomaticEventSubscriber/]: Subscribing @EventBusSubscriber class Lnet/neoforged/neoforge/client/ParticleBoundsDebugRenderer; to the game event bus
[10сент.2026 00:48:39.701] [modloading-worker-0/DEBUG] [net.neoforged.fml.javafmlmod.AutomaticEventSubscriber/LOADING]: Scanning class net.neoforged.neoforge.client.ClientHooks$ClientEvents for @SubscribeEvent-annotated methods
[10сент.2026 00:48:39.704] [modloading-worker-0/DEBUG] [net.neoforged.fml.javafmlmod.AutomaticEventSubscriber/]: Subscribing @EventBusSubscriber class Lnet/neoforged/neoforge/client/ClientHooks$ClientEvents; to the mod event bus of mod neoforge
[10сент.2026 00:48:39.704] [modloading-worker-0/DEBUG] [net.neoforged.fml.javafmlmod.AutomaticEventSubscriber/LOADING]: Scanning class net.neoforged.neoforge.client.BlockEntityRenderBoundsDebugRenderer for @SubscribeEvent-annotated methods
[10сент.2026 00:48:39.705] [modloading-worker-0/DEBUG] [net.neoforged.fml.javafmlmod.AutomaticEventSubscriber/]: Subscribing @EventBusSubscriber class Lnet/neoforged/neoforge/client/BlockEntityRenderBoundsDebugRenderer; to the game event bus
[10сент.2026 00:48:39.705] [modloading-worker-0/DEBUG] [net.neoforged.fml.javafmlmod.AutomaticEventSubscriber/LOADING]: Scanning class net.neoforged.neoforge.attachment.AttachmentSync for @SubscribeEvent-annotated methods
[10сент.2026 00:48:39.708] [modloading-worker-0/DEBUG] [net.neoforged.fml.javafmlmod.AutomaticEventSubscriber/]: Subscribing @EventBusSubscriber class Lnet/neoforged/neoforge/attachment/AttachmentSync; to the game event bus
[10сент.2026 00:48:39.708] [modloading-worker-0/DEBUG] [net.neoforged.fml.javafmlmod.AutomaticEventSubscriber/LOADING]: Scanning class net.neoforged.neoforge.attachment.AttachmentInternals for @SubscribeEvent-annotated methods
[10сент.2026 00:48:39.709] [modloading-worker-0/DEBUG] [net.neoforged.fml.javafmlmod.AutomaticEventSubscriber/]: Subscribing @EventBusSubscriber class Lnet/neoforged/neoforge/attachment/AttachmentInternals; to the game event bus
[10сент.2026 00:48:39.829] [modloading-sync-worker/DEBUG] [net.neoforged.fml.config.ConfigTracker/CONFIG]: Loading configs type CLIENT
[10сент.2026 00:48:39.837] [modloading-sync-worker/DEBUG] [net.neoforged.neoforge.common.NeoForgeConfig/FORGEMOD]: Loaded NeoForge config file neoforge-client.toml
[10сент.2026 00:48:39.837] [modloading-sync-worker/DEBUG] [net.neoforged.fml.config.ConfigTracker/CONFIG]: Loaded TOML config file E:\college_minecraft_server\_CustomMods\RevivalAddon\run-alt\config\neoforge-client.toml
[10сент.2026 00:48:39.841] [modloading-sync-worker/DEBUG] [net.neoforged.fml.config.ConfigTracker/CONFIG]: Watching TOML config file E:\college_minecraft_server\_CustomMods\RevivalAddon\run-alt\config\neoforge-client.toml for changes
[10сент.2026 00:48:39.841] [modloading-sync-worker/DEBUG] [net.neoforged.fml.config.ConfigTracker/CONFIG]: Loading configs type COMMON
[10сент.2026 00:48:39.842] [modloading-sync-worker/DEBUG] [net.neoforged.neoforge.common.NeoForgeConfig/FORGEMOD]: Loaded NeoForge config file neoforge-common.toml
[10сент.2026 00:48:39.842] [modloading-sync-worker/DEBUG] [net.neoforged.fml.config.ConfigTracker/CONFIG]: Loaded TOML config file E:\college_minecraft_server\_CustomMods\RevivalAddon\run-alt\config\neoforge-common.toml
[10сент.2026 00:48:39.842] [modloading-sync-worker/DEBUG] [net.neoforged.fml.config.ConfigTracker/CONFIG]: Watching TOML config file E:\college_minecraft_server\_CustomMods\RevivalAddon\run-alt\config\neoforge-common.toml for changes
[10сент.2026 00:48:39.845] [modloading-sync-worker/DEBUG] [net.neoforged.fml.config.ConfigTracker/CONFIG]: Loaded TOML config file E:\college_minecraft_server\_CustomMods\RevivalAddon\run-alt\config\hardcorerevival-common.toml
[10сент.2026 00:48:39.846] [modloading-sync-worker/DEBUG] [net.neoforged.fml.config.ConfigTracker/CONFIG]: Watching TOML config file E:\college_minecraft_server\_CustomMods\RevivalAddon\run-alt\config\hardcorerevival-common.toml for changes
[10сент.2026 00:48:39.846] [modloading-sync-worker/DEBUG] [net.neoforged.fml.config.ConfigTracker/CONFIG]: Loaded TOML config file E:\college_minecraft_server\_CustomMods\RevivalAddon\run-alt\config\albarevivaladdon-common.toml
[10сент.2026 00:48:39.846] [modloading-sync-worker/DEBUG] [net.neoforged.fml.config.ConfigTracker/CONFIG]: Watching TOML config file E:\college_minecraft_server\_CustomMods\RevivalAddon\run-alt\config\albarevivaladdon-common.toml for changes
[10сент.2026 00:48:40.069] [Render thread/DEBUG] [mixin/]: Mixing ModelBakeryAccessor from balm.mixins.json into net.minecraft.client.resources.model.ModelBakery
[10сент.2026 00:48:40.069] [Render thread/DEBUG] [mixin/]: balm.mixins.json:ModelBakeryAccessor from mod balm: Class version 65 required is higher than the class version supported by the current version of Mixin (JAVA_17 supports class version 61)
[10сент.2026 00:48:40.069] [Render thread/DEBUG] [mixin/]: Mixing ModelBakeryMixin from balm.neoforge.mixins.json into net.minecraft.client.resources.model.ModelBakery
[10сент.2026 00:48:40.071] [Render thread/DEBUG] [mixin/]: balm.neoforge.mixins.json:ModelBakeryMixin from mod balm->@Inject::apply(Lnet/minecraft/client/resources/model/ModelBakery$TextureGetter;Lorg/spongepowered/asm/mixin/injection/callback/CallbackInfo;)V doesn't use it's CallbackInfo
[10сент.2026 00:48:40.071] [Render thread/DEBUG] [mixin/]: balm.neoforge.mixins.json:ModelBakeryMixin from mod balm->@Inject::apply(Lnet/minecraft/client/resources/model/ModelBakery$TextureGetter;Lorg/spongepowered/asm/mixin/injection/callback/CallbackInfo;)V has 0 override(s) in child classes
[10сент.2026 00:48:40.071] [Render thread/DEBUG] [mixin/]: balm.neoforge.mixins.json:ModelBakeryMixin from mod balm->@Inject::apply(Lnet/minecraft/client/resources/model/ModelBakery$TextureGetter;Lorg/spongepowered/asm/mixin/injection/callback/CallbackInfo;)V won't be passed a CallbackInfo as a result
[10сент.2026 00:48:40.235] [Render thread/INFO] [net.neoforged.neoforge.gametest.GameTestHooks/]: Enabled Gametest Namespaces: []
[10сент.2026 00:48:40.374] [Render thread/INFO] [net.minecraft.server.packs.resources.ReloadableResourceManager/]: Reloading ResourceManager: vanilla, mod_resources, mod/hardcorerevival, mod/kuma_api, mod/neoforge, mod/balm, mod/albarevivaladdon
[10сент.2026 00:48:40.392] [Worker-Main-1/INFO] [com.oathbreaker.albarevivaladdon.RevivalAddon/]: HELLO FROM COMMON SETUP
[10сент.2026 00:48:40.392] [Worker-Main-1/INFO] [com.oathbreaker.albarevivaladdon.RevivalAddon/]: DIRT BLOCK >> minecraft:dirt
[10сент.2026 00:48:40.393] [Worker-Main-1/INFO] [com.oathbreaker.albarevivaladdon.RevivalAddon/]: The magic number is... 42
[10сент.2026 00:48:40.393] [Worker-Main-1/INFO] [com.oathbreaker.albarevivaladdon.RevivalAddon/]: ITEM >> minecraft:iron_ingot
[10сент.2026 00:48:40.395] [Render thread/DEBUG] [mixin/]: Mixing OptionsScreenMixin from balm.neoforge.mixins.json into net.minecraft.client.gui.screens.options.OptionsScreen
[10сент.2026 00:48:40.399] [Render thread/DEBUG] [mixin/]: balm.neoforge.mixins.json:OptionsScreenMixin from mod balm->@Inject::repositionElements(Lorg/spongepowered/asm/mixin/injection/callback/CallbackInfo;)V doesn't use it's CallbackInfo
[10сент.2026 00:48:40.399] [Render thread/DEBUG] [mixin/]: balm.neoforge.mixins.json:OptionsScreenMixin from mod balm->@Inject::repositionElements(Lorg/spongepowered/asm/mixin/injection/callback/CallbackInfo;)V has 0 override(s) in child classes
[10сент.2026 00:48:40.399] [Render thread/DEBUG] [mixin/]: balm.neoforge.mixins.json:OptionsScreenMixin from mod balm->@Inject::repositionElements(Lorg/spongepowered/asm/mixin/injection/callback/CallbackInfo;)V won't be passed a CallbackInfo as a result
[10сент.2026 00:48:40.399] [Render thread/DEBUG] [mixin/]: balm.neoforge.mixins.json:OptionsScreenMixin from mod balm->@Inject::repositionElementsPost(Lorg/spongepowered/asm/mixin/injection/callback/CallbackInfo;)V doesn't use it's CallbackInfo
[10сент.2026 00:48:40.399] [Render thread/DEBUG] [mixin/]: balm.neoforge.mixins.json:OptionsScreenMixin from mod balm->@Inject::repositionElementsPost(Lorg/spongepowered/asm/mixin/injection/callback/CallbackInfo;)V has 0 override(s) in child classes
[10сент.2026 00:48:40.399] [Render thread/DEBUG] [mixin/]: balm.neoforge.mixins.json:OptionsScreenMixin from mod balm->@Inject::repositionElementsPost(Lorg/spongepowered/asm/mixin/injection/callback/CallbackInfo;)V won't be passed a CallbackInfo as a result
[10сент.2026 00:48:40.459] [Render thread/DEBUG] [net.neoforged.fml.DeferredWorkQueue/LOADING]: Dispatching synchronous work for work queue Common setup: 3 jobs
[10сент.2026 00:48:40.464] [Render thread/DEBUG] [net.neoforged.fml.DeferredWorkQueue/LOADING]: Synchronous work queue completed in 3.280 ms
[10сент.2026 00:48:40.469] [Worker-Main-4/INFO] [net.minecraft.client.gui.font.providers.UnihexProvider/]: Found unifont_all_no_pua-15.1.05.hex, loading
[10сент.2026 00:48:40.609] [Worker-Main-11/INFO] [net.minecraft.client.gui.font.providers.UnihexProvider/]: Found unifont_jp_patch-15.1.05.hex, loading
[10сент.2026 00:48:40.656] [Worker-Main-6/INFO] [com.oathbreaker.albarevivaladdon.RevivalAddon/]: HELLO FROM CLIENT SETUP
[10сент.2026 00:48:40.656] [Worker-Main-6/INFO] [com.oathbreaker.albarevivaladdon.RevivalAddon/]: MINECRAFT NAME >> Dev2
[10сент.2026 00:48:41.235] [Worker-Main-3/WARN] [net.minecraft.client.resources.model.BlockStateModelLoader/]: Exception loading blockstate definition: 'albarevivaladdon:blockstates/example_block.json' missing model for variant: 'albarevivaladdon:example_block#'
[10сент.2026 00:48:41.236] [Worker-Main-3/WARN] [net.minecraft.client.resources.model.ModelBakery/]: Unable to load model: 'albarevivaladdon:item/example_block' referenced from: albarevivaladdon:item/example_block: java.io.FileNotFoundException: albarevivaladdon:models/item/example_block.json
[10сент.2026 00:48:41.239] [Worker-Main-3/WARN] [net.minecraft.client.resources.model.ModelBakery/]: Unable to load model: 'albarevivaladdon:item/example_item' referenced from: albarevivaladdon:item/example_item: java.io.FileNotFoundException: albarevivaladdon:models/item/example_item.json
[10сент.2026 00:48:41.910] [Render thread/WARN] [net.minecraft.client.sounds.SoundEngine/]: Missing sound for event: minecraft:item.goat_horn.play
[10сент.2026 00:48:41.910] [Render thread/WARN] [net.minecraft.client.sounds.SoundEngine/]: Missing sound for event: minecraft:entity.goat.screaming.horn_break
[10сент.2026 00:48:41.943] [Render thread/INFO] [com.mojang.blaze3d.audio.Library/]: OpenAL initialized on device OpenAL Soft on Наушники гарнитуры (HyperX Virtual Surround Sound)
[10сент.2026 00:48:41.944] [Render thread/INFO] [net.minecraft.client.sounds.SoundEngine/SOUNDS]: Sound engine started
[10сент.2026 00:48:42.051] [Render thread/INFO] [net.minecraft.client.renderer.texture.TextureAtlas/]: Created: 1024x512x4 minecraft:textures/atlas/blocks.png-atlas
[10сент.2026 00:48:42.061] [Render thread/INFO] [net.minecraft.client.renderer.texture.TextureAtlas/]: Created: 256x256x4 minecraft:textures/atlas/signs.png-atlas
[10сент.2026 00:48:42.062] [Render thread/INFO] [net.minecraft.client.renderer.texture.TextureAtlas/]: Created: 512x512x4 minecraft:textures/atlas/shield_patterns.png-atlas
[10сент.2026 00:48:42.063] [Render thread/INFO] [net.minecraft.client.renderer.texture.TextureAtlas/]: Created: 512x512x4 minecraft:textures/atlas/banner_patterns.png-atlas
[10сент.2026 00:48:42.063] [Render thread/INFO] [net.minecraft.client.renderer.texture.TextureAtlas/]: Created: 1024x1024x4 minecraft:textures/atlas/armor_trims.png-atlas
[10сент.2026 00:48:42.067] [Render thread/INFO] [net.minecraft.client.renderer.texture.TextureAtlas/]: Created: 128x64x4 minecraft:textures/atlas/decorated_pot.png-atlas
[10сент.2026 00:48:42.067] [Render thread/INFO] [net.minecraft.client.renderer.texture.TextureAtlas/]: Created: 256x256x4 minecraft:textures/atlas/chest.png-atlas
[10сент.2026 00:48:42.067] [Render thread/INFO] [net.minecraft.client.renderer.texture.TextureAtlas/]: Created: 512x256x4 minecraft:textures/atlas/shulker_boxes.png-atlas
[10сент.2026 00:48:42.068] [Render thread/INFO] [net.minecraft.client.renderer.texture.TextureAtlas/]: Created: 512x256x4 minecraft:textures/atlas/beds.png-atlas
[10сент.2026 00:48:42.218] [Render thread/INFO] [net.minecraft.client.renderer.texture.TextureAtlas/]: Created: 512x256x0 minecraft:textures/atlas/particles.png-atlas
[10сент.2026 00:48:42.219] [Render thread/INFO] [net.minecraft.client.renderer.texture.TextureAtlas/]: Created: 512x256x0 minecraft:textures/atlas/paintings.png-atlas
[10сент.2026 00:48:42.219] [Render thread/INFO] [net.minecraft.client.renderer.texture.TextureAtlas/]: Created: 256x128x0 minecraft:textures/atlas/mob_effects.png-atlas
[10сент.2026 00:48:42.220] [Render thread/INFO] [net.minecraft.client.renderer.texture.TextureAtlas/]: Created: 64x64x0 minecraft:textures/atlas/map_decorations.png-atlas
[10сент.2026 00:48:42.220] [Render thread/INFO] [net.minecraft.client.renderer.texture.TextureAtlas/]: Created: 1024x512x0 minecraft:textures/atlas/gui.png-atlas
[10сент.2026 00:48:42.241] [Render thread/WARN] [net.minecraft.client.renderer.ShaderInstance/]: Shader rendertype_entity_translucent_emissive could not find sampler named Sampler2 in the specified shader program.
[10сент.2026 00:48:42.290] [Render thread/INFO] [net.neoforged.neoforge.client.entity.animation.json.AnimationLoader/]: Loaded 0 entity animations
[10сент.2026 00:48:50.417] [Render thread/DEBUG] [net.neoforged.neoforge.network.DualStackUtils/]: Detected IPv6 address: "0:0:0:0:0:0:0:0"
[10сент.2026 00:48:51.314] [Render thread/INFO] [net.minecraft.client.gui.screens.ConnectScreen/]: Connecting to localhost, 25565
[10сент.2026 00:48:51.488] [LanServerDetector #1/DEBUG] [net.neoforged.neoforge.network.DualStackUtils/]: Detected IPv6 address: "fd58:baa6:dead:0:0:0:0:1"
[10сент.2026 00:48:53.512] [Server Connector #1/DEBUG] [net.neoforged.neoforge.network.DualStackUtils/]: Detected IPv6 address: "0:0:0:0:0:0:0:1"
[10сент.2026 00:48:53.523] [Server Connector #1/DEBUG] [io.netty.channel.MultithreadEventLoopGroup/]: -Dio.netty.eventLoopThreads: 24
[10сент.2026 00:48:53.532] [Server Connector #1/DEBUG] [io.netty.util.concurrent.GlobalEventExecutor/]: -Dio.netty.globalEventExecutor.quietPeriodSeconds: 1
[10сент.2026 00:48:53.542] [Server Connector #1/DEBUG] [io.netty.channel.nio.NioEventLoop/]: -Dio.netty.noKeySetOptimization: false
[10сент.2026 00:48:53.542] [Server Connector #1/DEBUG] [io.netty.channel.nio.NioEventLoop/]: -Dio.netty.selectorAutoRebuildThreshold: 512
[10сент.2026 00:48:53.548] [Server Connector #1/DEBUG] [io.netty.util.internal.PlatformDependent/]: org.jctools-core.MpscChunkedArrayQueue: available
[10сент.2026 00:48:53.594] [Server Connector #1/DEBUG] [io.netty.channel.DefaultChannelId/]: -Dio.netty.processId: 4376 (auto-detected)
[10сент.2026 00:48:53.596] [Server Connector #1/DEBUG] [io.netty.util.NetUtil/]: -Djava.net.preferIPv4Stack: false
[10сент.2026 00:48:53.596] [Server Connector #1/DEBUG] [io.netty.util.NetUtil/]: -Djava.net.preferIPv6Addresses: true
[10сент.2026 00:48:53.599] [Server Connector #1/DEBUG] [io.netty.util.NetUtilInitializations/]: Loopback interface: loopback_0 (Software Loopback Interface 1, 0:0:0:0:0:0:0:1)
[10сент.2026 00:48:53.602] [Server Connector #1/DEBUG] [io.netty.util.NetUtil/]: Failed to get SOMAXCONN from sysctl and file \proc\sys\net\core\somaxconn. Default: 200
[10сент.2026 00:48:53.603] [Server Connector #1/DEBUG] [io.netty.channel.DefaultChannelId/]: -Dio.netty.machineId: 00:00:00:00:00:00:00:e0 (auto-detected)
[10сент.2026 00:48:53.645] [Server Connector #1/DEBUG] [io.netty.util.Recycler/]: -Dio.netty.recycler.maxCapacityPerThread: 4096
[10сент.2026 00:48:53.645] [Server Connector #1/DEBUG] [io.netty.util.Recycler/]: -Dio.netty.recycler.ratio: 8
[10сент.2026 00:48:53.645] [Server Connector #1/DEBUG] [io.netty.util.Recycler/]: -Dio.netty.recycler.chunkSize: 32
[10сент.2026 00:48:53.645] [Server Connector #1/DEBUG] [io.netty.util.Recycler/]: -Dio.netty.recycler.blocking: false
[10сент.2026 00:48:53.645] [Server Connector #1/DEBUG] [io.netty.util.Recycler/]: -Dio.netty.recycler.batchFastThreadLocalOnly: true
[10сент.2026 00:48:53.840] [Netty Client IO #0/DEBUG] [net.neoforged.neoforge.network.filters.NetworkFilters/]: Injected net.neoforged.neoforge.network.filters.GenericPacketSplitter@4b8daaa into net.minecraft.network.Connection@465a757f
[10сент.2026 00:48:54.069] [Render thread/DEBUG] [net.neoforged.neoforge.common.NeoForgeConfig/FORGEMOD]: NeoForge config just got changed on the file system!
[10сент.2026 00:48:55.308] [Render thread/INFO] [net.minecraft.advancements.AdvancementTree/]: Loaded 2 advancements
[10сент.2026 00:49:21.291] [Render thread/INFO] [net.minecraft.client.gui.components.ChatComponent/]: [System] [CHAT] Dev was slain by Dev2
[10сент.2026 00:49:24.526] [Render thread/INFO] [net.minecraft.client.gui.components.ChatComponent/]: [System] [CHAT] Dev was slain by Dev2
[10сент.2026 00:49:27.527] [Render thread/INFO] [net.minecraft.client.gui.components.ChatComponent/]: [System] [CHAT] Dev was slain by Dev2
[10сент.2026 00:49:30.722] [Render thread/INFO] [net.minecraft.client.gui.components.ChatComponent/]: [System] [CHAT] Dev was slain by Dev2
[10сент.2026 00:49:33.676] [Render thread/INFO] [net.minecraft.client.gui.components.ChatComponent/]: [System] [CHAT] Dev is dead for sure
[10сент.2026 00:49:33.677] [Render thread/INFO] [net.minecraft.client.gui.components.ChatComponent/]: [System] [CHAT] Dev was slain by Dev2
[10сент.2026 00:49:33.677] [Render thread/INFO] [net.minecraft.client.gui.components.ChatComponent/]: [System] [CHAT] Dev was not rescued in time
[10сент.2026 00:49:33.694] [Render thread/INFO] [net.minecraft.advancements.AdvancementTree/]: Loaded 38 advancements
[10сент.2026 00:49:43.103] [Render thread/INFO] [net.minecraft.client.gui.components.ChatComponent/]: [System] [CHAT] Dev left the game
[10сент.2026 00:49:43.878] [Render thread/INFO] [net.minecraft.client.Minecraft/]: Stopping!
